idcom,nome,latitude,longitude
1001,Agliè,45.36589813232422,7.775890827178955
1002,Airasca,44.92180252075195,7.483628273010254
1003,Ala di Stura,45.30684280395508,7.28231143951416
1004,Albiano d'Ivrea,45.43180465698242,7.943963050842285
1005,Alice Superiore,45.46542739868164,7.784042835235596
1006,Almese,45.11818313598633,7.419915199279785
1007,Alpette,45.40651702880859,7.576591968536377
1008,Alpignano,45.10095596313477,7.517033576965332
1009,Andezeno,45.03607177734375,7.866256237030029
1010,Andrate,45.54613494873047,7.885948181152344
1011,Angrogna,44.86080551147461,7.177359104156494
1012,Arignano,45.03776550292969,7.898874282836914
1013,Avigliana,45.07492828369141,7.39209794998169
1014,Azeglio,45.42242813110352,7.99329137802124
1015,Bairo,45.37680053710938,7.747515678405762
1016,Balangero,45.27694320678711,7.519351005554199
1017,Baldissero Canavese,45.40632629394531,7.74465799331665
1018,Baldissero Torinese,45.06982040405273,7.804664134979248
1019,Balme,45.29996109008789,7.186912059783936
1020,Banchette,45.45360946655273,7.856389045715332
1021,Barbania,45.29446029663086,7.620614528656006
1022,Bardonecchia,45.10075378417969,6.731351375579834
1023,Barone Canavese,45.32110214233398,7.869021415710449
1024,Beinasco,45.01750183105469,7.581571578979492
1025,Bibiana,44.79300689697266,7.288800239562988
1026,Bobbio Pellice,44.78436660766602,7.066501140594482
1027,Bollengo,45.46632766723633,7.948737144470215
1028,Borgaro Torinese,45.14798355102539,7.676666259765625
1029,Borgiallo,45.41436004638672,7.667262554168701
1030,Borgofranco d'Ivrea,45.51412963867188,7.850313186645508
1031,Borgomasino,45.36256408691406,7.980636596679688
1032,Borgone Susa,45.12164688110352,7.245090484619141
1033,Bosconero,45.26634979248047,7.769679069519043
1034,Brandizzo,45.17363357543945,7.834431648254395
1035,Bricherasio,44.82693862915039,7.291961669921875
1036,Brosso,45.51000595092773,7.801829338073731
1037,Brozolo,45.11148834228516,8.070162773132324
1038,Bruino,45.01430892944336,7.474001407623291
1039,Brusasco,45.15184020996094,8.062130928039551
1040,Bruzolo,45.15206527709961,7.199127197265625
1041,Buriasco,44.87437438964844,7.424761295318604
1042,Burolo,45.48383712768555,7.927295684814453
1043,Busano,45.32221221923828,7.661151885986328
1044,Bussoleno,45.12099075317383,7.149855613708496
1045,Buttigliera Alta,45.07340621948242,7.435255527496338
1046,Cafasse,45.244384765625,7.508158206939697
1047,Caluso,45.28137969970703,7.882601261138916
1048,Cambiano,44.97831344604492,7.775627613067627
1049,Campiglione-Fenile,44.8047981262207,7.327147483825684
1050,Candia Canavese,45.33043670654297,7.897421836853027
1051,Candiolo,44.95515060424805,7.582149982452393
1052,Canischio,45.38053894042969,7.577771186828613
1053,Cantalupa,44.95159530639648,7.332812309265137
1054,Cantoira,45.35080718994141,7.388094902038574
1055,Caprie,45.13385772705078,7.340653896331787
1056,Caravino,45.39971923828125,7.960629463195801
1057,Carema,45.58581924438477,7.830631256103516
1058,Carignano,44.89723205566406,7.661580562591553
1059,Carmagnola,44.85824203491211,7.735530853271484
1060,Casalborgone,45.12957763671875,7.935693740844727
1062,Caselette,45.10618209838867,7.469879150390625
1063,Caselle Torinese,45.18120193481445,7.660669803619385
1064,Castagneto Po,45.1625862121582,7.892759799957275
1065,Castagnole Piemonte,44.8947868347168,7.56676197052002
1066,Castellamonte,45.3905029296875,7.704266548156738
1067,Castelnuovo Nigra,45.47618865966797,7.678077220916748
1068,Castiglione Torinese,45.11274337768555,7.803316116333008
1069,Cavagnolo,45.14602279663086,8.034341812133789
1070,Cavour,44.79452514648438,7.389051914215088
1071,Cercenasco,44.86407852172852,7.503296852111816
1072,Ceres,45.31574249267578,7.357964515686035
1073,Ceresole Reale,45.4444580078125,7.190727710723877
1074,Cesana Torinese,44.89445495605469,6.834427833557129
1075,Chialamberto,45.37754440307617,7.339482307434082
1076,Chianocco,45.16659927368164,7.170714855194092
1077,Chiaverano,45.50394821166992,7.902387142181397
1078,Chieri,45.00358200073242,7.827796459197998
1079,Chiesanuova,45.42281341552734,7.64760160446167
1080,Chiomonte,45.10227966308594,6.985721111297607
1081,Chiusa di San Michele,45.09856414794922,7.323298931121826
1082,Chivasso,45.20586776733398,7.895956516265869
1083,Ciconio,45.32963943481445,7.761417865753174
1084,Cintano,45.44826507568359,7.678377628326416
1085,Cinzano,45.09287643432617,7.922359466552734
1086,Ciriè,45.21967315673828,7.591750621795654
1087,Claviere,44.92247772216797,6.757368087768555
1088,Coassolo Torinese,45.32517623901367,7.465674877166748
1089,Coazze,45.05071258544922,7.232409954071045
1090,Collegno,45.09132766723633,7.590234279632568
1091,Colleretto Castelnuovo,45.43923950195313,7.668804168701172
1092,Colleretto Giacosa,45.43046188354492,7.812766075134277
1093,Condove,45.15711212158203,7.27182674407959
1094,Corio,45.32933044433594,7.519179821014404
1095,Cossano Canavese,45.38480377197266,7.998193740844727
1096,Cuceglio,45.35808944702148,7.812543869018555
1097,Cumiana,44.96768951416016,7.384483337402344
1098,Cuorgnè,45.39967727661133,7.632132530212402
1099,Druento,45.15260696411133,7.568949222564697
1100,Exilles,45.10648727416992,6.918911933898926
1101,Favria,45.3108024597168,7.685447216033936
1102,Feletto,45.29539489746094,7.7584547996521
1103,Fenestrelle,45.02226257324219,7.058255672454834
1104,Fiano,45.21257019042969,7.528586864471436
1105,Fiorano Canavese,45.46625518798828,7.829821586608887
1106,Foglizzo,45.26729583740234,7.823098182678223
1107,Forno Canavese,45.34739303588867,7.567108631134033
1108,Frassinetto,45.46377182006836,7.620469570159912
1109,Front,45.27347946166992,7.668186664581299
1110,Frossasco,44.92609024047852,7.372582912445068
1111,Garzigliana,44.83370208740234,7.367502689361572
1112,Gassino Torinese,45.11772155761719,7.838272094726563
1113,Germagnano,45.25233840942383,7.456448554992676
1114,Giaglione,45.15001678466797,6.953706741333008
1115,Giaveno,45.01472473144531,7.297848224639893
1116,Givoletto,45.16239929199219,7.494256973266602
1117,Gravere,45.10709762573242,7.028908252716065
1118,Groscavallo,45.36741638183594,7.230342388153076
1119,Grosso,45.26813507080078,7.568256378173828
1120,Grugliasco,45.05546569824219,7.593244552612305
1121,Ingria,45.47784805297852,7.587637901306152
1122,Inverso Pinasca,44.93350219726563,7.214004993438721
1123,Isolabella,44.90451431274414,7.910736560821533
1124,Issiglio,45.44604110717773,7.737930297851563
1125,Ivrea,45.45391082763672,7.891061782836914
1126,La Cassa,45.18019104003906,7.518150329589844
1127,La Loggia,44.95345687866211,7.675694942474365
1128,Lanzo Torinese,45.27540969848633,7.48015308380127
1129,Lauriano,45.15298080444336,7.989420890808106
1130,Leinì,45.18703079223633,7.719508647918701
1131,Lemie,45.22773742675781,7.283967018127441
1132,Lessolo,45.48622512817383,7.822881698608398
1133,Levone,45.32015609741211,7.601057052612305
1134,Locana,45.43630599975586,7.410622119903565
1135,Lombardore,45.23047637939453,7.726189613342285
1136,Lombriasco,44.84555053710938,7.636322498321533
1137,Loranzè,45.44543838500977,7.808642387390137
1138,Lugnacco,45.44244003295898,7.782853126525879
1139,Luserna San Giovanni,44.81894683837891,7.242929935455322
1140,Lusernetta,44.79513168334961,7.244077205657959
1141,Lusigliè,45.31150054931641,7.770473957061768
1142,Macello,44.84961700439453,7.415661334991455
1143,Maglione,45.35048675537109,8.010129928588867
1144,Marentino,45.06536102294922,7.879392623901367
1145,Massello,44.96852874755859,7.023899555206299
1146,Mathi,45.25503921508789,7.542596817016602
1147,Mattie,45.09615325927734,7.107088565826416
1148,Mazzè,45.28420257568359,7.939989566802979
1149,Meana di Susa,45.1005973815918,7.065755844116211
1150,Mercenasco,45.35646438598633,7.869185924530029
1151,Meugliano,45.50920867919922,7.706093311309815
1152,Mezzenile,45.28200531005859,7.366596221923828
1153,Mombello di Torino,45.04320907592773,7.917680740356445
1154,Mompantero,45.16885757446289,7.076038837432861
1155,Monastero di Lanzo,45.30838012695313,7.435131072998047
1156,Moncalieri,44.98836898803711,7.702555656433106
1157,Moncenisio,45.20452499389648,6.984302997589111
1158,Montaldo Torinese,45.06692504882813,7.853288650512695
1159,Montalenghe,45.33195114135742,7.834638118743897
1160,Montalto Dora,45.49346160888672,7.862557411193848
1161,Montanaro,45.23462295532227,7.849847793579102
1162,Monteu da Po,45.16267013549805,8.015589714050293
1163,Moriondo Torinese,45.03499984741211,7.936280727386475
1164,Nichelino,44.99021911621094,7.642189502716065
1165,Noasca,45.46511840820313,7.301870822906494
1166,Nole,45.2436408996582,7.567956924438477
1167,Nomaglio,45.54220581054688,7.861734390258789
1168,None,44.9400749206543,7.548954486846924
1169,Novalesa,45.19589996337891,7.03442907333374
1170,Oglianico,45.34296417236328,7.686553001403809
1171,Orbassano,45.00139617919922,7.535806655883789
1172,Orio Canavese,45.32577514648438,7.853989124298096
1173,Osasco,44.84889602661133,7.347989082336426
1174,Osasio,44.87105941772461,7.608658313751221
1175,Oulx,45.04445648193359,6.799094200134277
1176,Ozegna,45.34413146972656,7.748909950256348
1177,Palazzo Canavese,45.45666122436523,7.980190277099609
1178,Pancalieri,44.83211135864258,7.583840370178223
1179,Parella,45.42290878295898,7.796124458312988
1180,Pavarolo,45.07679748535156,7.832797050476074
1181,Pavone Canavese,45.4290885925293,7.851073741912842
1182,Pecco,45.4539794921875,7.781243801116943
1183,Pecetto Torinese,45.01808547973633,7.752771854400635
1184,Perosa Argentina,44.98210525512695,7.188022613525391
1185,Perosa Canavese,45.40697860717773,7.834752082824707
1186,Perrero,44.92362976074219,7.122166633605957
1187,Pertusio,45.35033416748047,7.639779567718506
1188,Pessinetto,45.28704071044922,7.426938056945801
1189,Pianezza,45.11386871337891,7.553895473480225
1190,Pinasca,44.96754837036133,7.247138500213623
1191,Pinerolo,44.88134765625,7.350646495819092
1192,Pino Torinese,45.04428863525391,7.777655601501465
1193,Piobesi Torinese,44.92060089111328,7.603516101837158
1194,Piossasco,44.98678207397461,7.449839591979981
1195,Piscina,44.91591262817383,7.425829410552979
1196,Piverone,45.44442749023438,8.005294799804688
1197,Poirino,44.9025993347168,7.842754364013672
1198,Pomaretto,44.9503173828125,7.178300380706787
1199,Pont-Canavese,45.43313598632813,7.584110736846924
1200,Porte,44.89474487304688,7.267848491668701
1201,Pragelato,44.98354721069336,6.946164608001709
1202,Prali,44.88151931762695,7.044536590576172
1203,Pralormo,44.85294723510742,7.897324562072754
1204,Pramollo,44.90112686157227,7.190870761871338
1205,Prarostino,44.86324310302734,7.262338638305664
1206,Prascorsano,45.36101150512695,7.617069721221924
1207,Pratiglione,45.35563659667969,7.596739292144775
1208,Quagliuzzo,45.42404174804688,7.780900955200195
1209,Quassolo,45.52528381347656,7.827095985412598
1210,Quincinetto,45.55700302124023,7.778248310089111
1211,Reano,45.05305099487305,7.428300380706787
1212,Ribordone,45.45289611816406,7.479975700378418
1213,Rivalba,45.12294387817383,7.889705657958984
1214,Rivalta di Torino,45.03046035766602,7.54425048828125
1215,Riva presso Chieri,44.97942733764648,7.888835430145264
1216,Rivara,45.32612609863281,7.632571697235107
1217,Rivarolo Canavese,45.30395126342773,7.724907875061035
1218,Rivarossa,45.25343322753906,7.702508449554443
1219,Rivoli,45.06674575805664,7.523563385009766
1220,Robassomero,45.19042587280273,7.578337669372559
1221,Rocca Canavese,45.30860900878906,7.574960708618164
1222,Roletto,44.92094039916992,7.335316181182861
1223,Romano Canavese,45.40003204345703,7.87052059173584
1224,Ronco Canavese,45.50750732421875,7.498019695281982
1225,Rondissone,45.24633407592773,7.960801124572754
1226,Rorà,44.77950286865234,7.189777374267578
1227,Roure,45.0113410949707,7.127553462982178
1228,Rosta,45.07492446899414,7.466566562652588
1229,Rubiana,45.15605926513672,7.374773025512695
1230,Rueglio,45.47335433959961,7.738537311553955
1231,Salassa,45.36144256591797,7.694991111755371
1232,Salbertrand,45.07515335083008,6.882638454437256
1233,Salerano Canavese,45.45695114135742,7.842011451721191
1234,Salza di Pinerolo,44.94094848632813,7.0357666015625
1235,Samone,45.44610214233398,7.838636875152588
1236,San Benigno Canavese,45.23689270019531,7.785814762115479
1237,San Carlo Canavese,45.25473022460938,7.617480278015137
1238,San Colombano Belmonte,45.38401031494141,7.608283519744873
1239,San Didero,45.13440704345703,7.21684455871582
1240,San Francesco al Campo,45.22999954223633,7.666668891906738
1241,Sangano,45.02351379394531,7.444931030273438
1242,San Germano Chisone,44.88872528076172,7.23613452911377
1243,San Gillio,45.1384391784668,7.524042129516602
1244,San Giorgio Canavese,45.33468246459961,7.805859088897705
1245,San Giorio di Susa,45.11186981201172,7.178500175476074
1246,San Giusto Canavese,45.2980842590332,7.807449340820313
1247,San Martino Canavese,45.39687347412109,7.808801174163818
1248,San Maurizio Canavese,45.20920181274414,7.640308380126953
1249,San Mauro Torinese,45.09717559814453,7.765115737915039
1250,San Pietro Val Lemina,44.92881774902344,7.289319038391113
1251,San Ponso,45.34661483764648,7.664995193481445
1252,San Raffaele Cimena,45.15213394165039,7.855702877044678
1253,San Sebastiano da Po,45.159912109375,7.94379186630249
1254,San Secondo di Pinerolo,44.86042785644531,7.303052425384522
1255,Sant'Ambrogio di Torino,45.09690093994141,7.359117984771729
1256,Sant'Antonino di Susa,45.09368515014648,7.265532970428467
1257,Santena,44.9442024230957,7.782954692840576
1258,Sauze di Cesana,44.89758682250977,6.92646598815918
1259,Sauze d'Oulx,45.01759719848633,6.870177745819092
1260,Scalenghe,44.88917922973633,7.480417251586914
1261,Scarmagno,45.38159942626953,7.845194816589356
1262,Sciolze,45.09893798828125,7.876081466674805
1263,Sestriere,44.96691131591797,6.882066249847412
1264,Settimo Rottaro,45.40663909912109,7.992646217346191
1265,Settimo Torinese,45.14566802978516,7.77139949798584
1266,Settimo Vittone,45.56775283813477,7.856626033782959
1267,Sparone,45.39730834960938,7.526379108428955
1268,Strambinello,45.41666793823242,7.766666889190674
1269,Strambino,45.3834228515625,7.903051853179932
1270,Susa,45.13503646850586,7.076332092285156
1271,Tavagnasco,45.54159164428711,7.806797981262207
1272,Torino,45.07163238525391,7.677824974060059
1274,Torre Canavese,45.39788436889648,7.762624740600586
1275,Torre Pellice,44.82442092895508,7.195797920227051
1276,Trana,45.02888107299805,7.404919147491455
1277,Trausella,45.51351928710938,7.68325138092041
1278,Traversella,45.52472305297852,7.656830310821533
1279,Traves,45.2622184753418,7.419986724853516
1280,Trofarello,44.97496032714844,7.744559288024902
1281,Usseaux,45.04953765869141,7.007762908935547
1282,Usseglio,45.22796249389648,7.170728206634522
1283,Vaie,45.09538650512695,7.293931007385254
1284,Val della Torre,45.15422439575195,7.447333812713623
1285,Valgioie,45.0760498046875,7.333812713623047
1286,Vallo Torinese,45.22582244873047,7.483409404754639
1287,Valperga,45.3680419921875,7.659853935241699
1288,Valprato Soana,45.55344390869141,7.541945457458496
1289,Varisella,45.19947052001953,7.473538875579834
1290,Vauda Canavese,45.27675628662109,7.625583171844482
1291,Venaus,45.17262649536133,6.988394260406494
1292,Venaria Reale,45.1407356262207,7.618914127349854
1293,Verolengo,45.19314575195313,7.994015693664551
1294,Verrua Savoia,45.15824127197266,8.106265068054199
1295,Vestignè,45.38330459594727,7.943855285644531
1296,Vialfrè,45.37952423095703,7.811442375183106
1297,Vico Canavese,45.55122375488281,7.635907649993897
1298,Vidracco,45.42843246459961,7.748371601104736
1299,Vigone,44.83748245239258,7.496457576751709
1300,Villafranca Piemonte,44.79538345336914,7.484824657440186
1301,Villanova Canavese,45.2366943359375,7.547611236572266
1302,Villarbasse,45.04046630859375,7.472341537475586
1303,Villar Dora,45.11477661132813,7.378764152526856
1304,Villareggia,45.29258346557617,7.975685119628906
1305,Villar Focchiardo,45.09336471557617,7.213088035583496
1306,Villar Pellice,44.75278472900391,7.113457202911377
1307,Villar Perosa,44.91949844360352,7.259529113769531
1308,Villastellone,44.91656112670898,7.740447044372559
1309,Vinovo,44.95538330078125,7.628971099853516
1310,Virle Piemonte,44.8620491027832,7.57622241973877
1311,Vische,45.34277725219727,7.938898086547852
1312,Vistrorio,45.43743896484375,7.771859645843506
1313,Viù,45.23833465576172,7.375555992126465
1314,Volpiano,45.19451904296875,7.783833503723145
1315,Volvera,44.95967102050781,7.508903980255127
2002,Alagna Valsesia,45.87538909912109,7.910250663757324
2003,Albano Vercellese,45.42552185058594,8.381152153015137
2004,Alice Castello,45.36973190307617,8.085385322570801
2006,Arborio,45.49141311645508,8.375330924987793
2007,Asigliano Vercellese,45.26472854614258,8.410907745361328
2008,Balmuccia,45.81229782104492,8.137175559997559
2009,Balocco,45.46150970458984,8.285237312316895
2011,Bianzè,45.29966735839844,8.141939163208008
2014,Boccioleto,45.82501602172852,8.079205513000488
2015,Borgo d'Ale,45.35027313232422,8.053171157836914
2016,Borgosesia,45.73218154907227,8.249919891357422
2017,Borgo Vercelli,45.36027526855469,8.46607780456543
2019,Breia,45.77374267578125,8.303372383117676
2021,Buronzo,45.4842529296875,8.263784408569336
2025,Campertogno,45.796630859375,7.993551731109619
2029,Carcoforo,45.91449356079102,8.04171085357666
2030,Caresana,45.22136688232422,8.508357048034668
2031,Caresanablot,45.36331939697266,8.392013549804688
2032,Carisio,45.42487335205078,8.206151962280273
2033,Casanova Elvo,45.39791107177734,8.290818214416504
2035,San Giacomo Vercellese,45.48989105224609,8.32979679107666
2038,Cellio,45.75131225585938,8.317771911621094
2041,Cervatto,45.8743782043457,8.14275074005127
2042,Cigliano,45.28704452514648,8.019057273864746
2043,Civiasco,45.81335067749023,8.306982040405273
2045,Collobiano,45.4000358581543,8.347203254699707
2047,Costanzana,45.22407531738281,8.366423606872559
2048,Cravagliana,45.86624526977539,8.198291778564453
2049,Crescentino,45.203369140625,8.114406585693359
2052,Crova,45.32326507568359,8.239673614501953
2054,Desana,45.26140975952148,8.340493202209473
2057,Fobello,45.90795516967773,8.129968643188477
2058,Fontanetto Po,45.1998176574707,8.188132286071777
2059,Formigliana,45.43093490600586,8.276972770690918
2061,Gattinara,45.60427093505859,8.357432365417481
2062,Ghislarengo,45.52683258056641,8.374542236328125
2065,Greggio,45.45585250854492,8.380851745605469
2066,Guardabosone,45.69773864746094,8.253965377807617
2067,Lamporo,45.23266983032227,8.100961685180664
2068,Lenta,45.55782318115234,8.367233276367188
2070,Lignana,45.28388977050781,8.316081047058106
2071,Livorno Ferraris,45.26495742797852,8.109176635742188
2072,Lozzolo,45.62483596801758,8.323967933654785
2078,Mollia,45.82749176025391,8.023463249206543
2079,Moncrivello,45.32345581054688,7.995541095733643
2082,Motta de' Conti,45.18617248535156,8.518123626708984
2088,Olcenengo,45.35568237304688,8.316885948181152
2089,Oldenico,45.39651107788086,8.386246681213379
2090,Palazzolo Vercellese,45.18581390380859,8.232260704040527
2091,Pertengo,45.23323059082031,8.415010452270508
2093,Pezzana,45.26063919067383,8.499111175537109
2096,Pila,45.75699996948242,8.070074081420898
2097,Piode,45.7601432800293,8.039553642272949
2102,Postua,45.73932647705078,8.198715209960938
2104,Prarolo,45.2816276550293,8.480072975158691
2107,Quarona,45.76953506469727,8.249295234680176
2108,Quinto Vercellese,45.37793350219727,8.354501724243164
2110,Rassa,45.75095748901367,7.978302955627441
2111,Rima San Giuseppe,45.87431335449219,8.001891136169434
2112,Rimasco,45.88008117675781,8.069290161132813
2113,Rimella,45.91925048828125,8.191617965698242
2114,Riva Valdobbia,45.80513000488281,7.925597667694092
2115,Rive,45.20954132080078,8.416678428649902
2116,Roasio,45.59086227416992,8.29179859161377
2118,Ronsecco,45.26187133789063,8.266697883605957
2121,Rossa,45.85408401489258,8.123156547546387
2122,Rovasenda,45.53538131713867,8.315892219543457
2123,Sabbia,45.88216018676758,8.246386528015137
2126,Salasco,45.32036209106445,8.283809661865234
2127,Sali Vercellese,45.3067626953125,8.315437316894531
2128,Saluggia,45.2358283996582,8.027982711791992
2131,San Germano Vercellese,45.35558700561523,8.259723663330078
2133,Santhià,45.3719367980957,8.198139190673828
2134,Scopa,45.78679275512695,8.126075744628906
2135,Scopello,45.7603645324707,8.099892616271973
2137,Serravalle Sesia,45.67236709594727,8.309163093566895
2142,Stroppiana,45.22872161865234,8.456772804260254
2147,Tricerro,45.23335266113281,8.312825202941895
2148,Trino,45.23909378051758,8.219891548156738
2150,Tronzano Vercellese,45.33094024658203,8.184043884277344
2152,Valduggia,45.72845458984375,8.348642349243164
2156,Varallo,45.82340621948242,8.257607460021973
2158,Vercelli,45.31978225708008,8.411398887634277
2163,Villarboit,45.43976211547852,8.34461784362793
2164,Villata,45.38696670532227,8.424713134765625
2166,Vocca,45.8022346496582,8.16392707824707
3001,Agrate Conturbia,45.66634368896484,8.569543838500977
3002,Ameno,45.78813171386719,8.451426506042481
3006,Armeno,45.83203887939453,8.463953018188477
3008,Arona,45.75684356689453,8.558887481689453
3012,Barengo,45.57037353515625,8.51140308380127
3016,Bellinzago Novarese,45.55377578735352,8.642543792724609
3018,Biandrate,45.45755386352539,8.475561141967773
3019,Boca,45.68097686767578,8.407772064208984
3021,Bogogno,45.66213607788086,8.534628868103027
3022,Bolzano Novarese,45.761474609375,8.447358131408691
3023,Borgolavezzaro,45.31671142578125,8.692115783691406
3024,Borgomanero,45.69793701171875,8.469496726989746
3025,Borgo Ticino,45.69222640991211,8.598624229431152
3026,Briga Novarese,45.73224258422852,8.458169937133789
3027,Briona,45.533203125,8.504125595092773
3030,Caltignaga,45.52662658691406,8.576289176940918
3032,Cameri,45.51438522338867,8.665212631225586
3036,Carpignano Sesia,45.54130554199219,8.419737815856934
3037,Casalbeltrame,45.42833709716797,8.47576904296875
3039,Casaleggio Novara,45.48801422119141,8.503054618835449
3040,Casalino,45.3837890625,8.527451515197754
3041,Casalvolone,45.40063095092773,8.46818733215332
3042,Castellazzo Novarese,45.51145935058594,8.494351387023926
3043,Castelletto sopra Ticino,45.71127319335938,8.620969772338867
3044,Cavaglietto,45.59923553466797,8.498252868652344
3045,Cavaglio d'Agogna,45.61027145385742,8.473546028137207
3047,Cavallirio,45.66244888305664,8.403436660766602
3049,Cerano,45.40432357788086,8.790127754211426
3051,Colazza,45.79175186157227,8.490274429321289
3052,Comignago,45.71591949462891,8.560390472412109
3055,Cressa,45.64608001708984,8.509112358093262
3058,Cureggio,45.66803741455078,8.454813957214356
3060,Divignano,45.65572738647461,8.598429679870606
3062,Dormelletto,45.73428344726563,8.57411003112793
3065,Fara Novarese,45.55912780761719,8.458030700683594
3066,Fontaneto d'Agogna,45.64076614379883,8.468447685241699
3068,Galliate,45.4854850769043,8.712525367736816
3069,Garbagna Novarese,45.39187240600586,8.66071891784668
3070,Gargallo,45.72442626953125,8.409192085266113
3071,Gattico,45.71317672729492,8.517192840576172
3073,Ghemme,45.60549545288086,8.428058624267578
3076,Gozzano,45.74902725219727,8.428526878356934
3077,Granozzo con Monticello,45.36922836303711,8.588162422180176
3079,Grignasco,45.68899154663086,8.344650268554688
3082,Invorio,45.75754165649414,8.480287551879883
3083,Landiona,45.4951286315918,8.420991897583008
3084,Lesa,45.82418441772461,8.560917854309082
3088,Maggiora,45.69942092895508,8.413326263427734
3090,Mandello Vitta,45.50021743774414,8.461806297302246
3091,Marano Ticino,45.63034820556641,8.629876136779785
3093,Massino Visconti,45.82673645019531,8.529698371887207
3095,Meina,45.79082489013672,8.53907585144043
3097,Mezzomerico,45.62067794799805,8.60008716583252
3098,Miasino,45.80987548828125,8.422381401062012
3100,Momo,45.56965255737305,8.564804077148438
3103,Nebbiuno,45.80879592895508,8.515072822570801
3104,Nibbiola,45.37001037597656,8.647359848022461
3106,Novara,45.4395866394043,8.615664482116699
3108,Oleggio,45.59698104858398,8.646213531494141
3109,Oleggio Castello,45.74440765380859,8.529905319213867
3112,Orta San Giulio,45.79838180541992,8.405372619628906
3114,Paruzzaro,45.74721145629883,8.510762214660645
3115,Pella,45.81351852416992,8.387782096862793
3116,Pettenasco,45.82805633544922,8.404150009155273
3119,Pisano,45.79096603393555,8.513453483581543
3120,Pogno,45.75803375244141,8.376775741577148
3121,Pombia,45.64362335205078,8.647727012634277
3122,Prato Sesia,45.66344833374023,8.369853019714356
3129,Recetto,45.46011734008789,8.42521858215332
3130,Romagnano Sesia,45.63065719604492,8.399309158325195
3131,Romentino,45.46911239624023,8.745842933654785
3133,San Maurizio d'Opaglio,45.77743148803711,8.393568992614746
3134,San Nazzaro Sesia,45.42714691162109,8.420291900634766
3135,San Pietro Mosezzo,45.4691047668457,8.540871620178223
3138,Sillavengo,45.51665878295898,8.437892913818359
3139,Sizzano,45.57723617553711,8.443142890930176
3140,Soriso,45.7395133972168,8.399232864379883
3141,Sozzago,45.39556503295898,8.724795341491699
3143,Suno,45.62722396850586,8.545778274536133
3144,Terdobbiate,45.37562561035156,8.694397926330566
3146,Tornaco,45.35228729248047,8.72657585144043
3149,Trecate,45.43222045898438,8.74055290222168
3153,Vaprio d'Agogna,45.60335540771484,8.555562019348145
3154,Varallo Pombia,45.66840362548828,8.641194343566895
3157,Veruno,45.69202041625977,8.542750358581543
3158,Vespolate,45.34618759155273,8.661298751831055
3159,Vicolungo,45.4759635925293,8.458303451538086
3164,Vinzaglio,45.32948303222656,8.50141716003418
4001,Acceglio,44.48727798461914,6.950538158416748
4002,Aisone,44.28771209716797,7.221596240997315
4003,Alba,44.6956787109375,8.032443046569824
4004,Albaretto della Torre,44.597900390625,8.061380386352539
4005,Alto,44.11888122558594,7.990779399871826
4006,Argentera,44.37833786010742,6.949354648590088
4007,Arguello,44.58858489990234,8.098843574523926
4008,Bagnasco,44.29306793212891,8.047362327575684
4009,Bagnolo Piemonte,44.75302505493164,7.254384517669678
4010,Baldissero d'Alba,44.75463485717773,7.913754940032959
4011,Barbaresco,44.71955490112305,8.07681941986084
4012,Barge,44.72834014892578,7.347787380218506
4013,Barolo,44.61518859863281,7.94149112701416
4014,Bastia Mondovì,44.44203948974609,7.903557777404785
4015,Battifollo,44.32280349731445,8.014643669128418
4016,Beinette,44.36967468261719,7.651263236999512
4017,Bellino,44.57612991333008,6.983395576477051
4018,Belvedere Langhe,44.49928283691406,7.978792667388916
4019,Bene Vagienna,44.53535461425781,7.82605504989624
4020,Benevello,44.62940216064453,8.097577095031738
4021,Bergolo,44.54985427856445,8.177084922790527
4022,Bernezzo,44.38288879394531,7.426936626434326
4023,Bonvicino,44.5050048828125,8.015844345092773
4024,Borgomale,44.62969207763672,8.122257232666016
4025,Borgo San Dalmazzo,44.32979965209961,7.471342086791992
4026,Bosia,44.59853744506836,8.141684532165527
4027,Bossolasco,44.53222274780273,8.050836563110352
4028,Boves,44.3076171875,7.559445381164551
4029,Bra,44.70691680908203,7.825281143188477
4030,Briaglia,44.40145111083984,7.874801158905029
4032,Brondello,44.59865188598633,7.39963960647583
4033,Brossasco,44.58993148803711,7.321205139160156
4034,Busca,44.50606155395508,7.467485427856445
4035,Camerana,44.42679977416992,8.135457992553711
4036,Camo,44.6968879699707,8.18961238861084
4037,Canale,44.80025100708008,8.004868507385254
4038,Canosio,44.4206657409668,7.054118156433106
4039,Caprauna,44.11922836303711,7.94910192489624
4040,Caraglio,44.4271240234375,7.440385341644287
4041,Caramagna Piemonte,44.78561401367188,7.730398654937744
4042,Cardè,44.74012756347656,7.473184585571289
4043,Carrù,44.48333358764648,7.883333206176758
4044,Cartignano,44.4765739440918,7.284034252166748
4045,Casalgrasso,44.81666946411133,7.625124454498291
4046,Castagnito,44.75481033325195,8.051630020141602
4047,Casteldelfino,44.59213638305664,7.088819026947022
4048,Castellar,44.63058090209961,7.445252418518066
4049,Castelletto Stura,44.431396484375,7.635671138763428
4050,Castelletto Uzzone,44.49251556396484,8.189803123474121
4051,Castellinaldo,44.77549362182617,8.033270835876465
4052,Castellino Tanaro,44.42703247070313,7.987771511077881
4053,Castelmagno,44.40444564819336,7.1922926902771
4054,Castelnuovo di Ceva,44.35057067871094,8.132624626159668
4055,Castiglione Falletto,44.6291618347168,7.972751140594482
4056,Castiglione Tinella,44.7304573059082,8.191383361816406
4057,Castino,44.62512588500977,8.160251617431641
4058,Cavallerleone,44.73515319824219,7.648856163024902
4059,Cavallermaggiore,44.70815277099609,7.698503017425537
4060,Celle di Macra,44.45843887329102,7.175308227539063
4061,Centallo,44.48823547363281,7.592901706695557
4062,Ceresole Alba,44.81816864013672,7.816632270812988
4063,Cerretto Langhe,44.57718276977539,8.077534675598145
4064,Cervasca,44.38595199584961,7.480679035186768
4065,Cervere,44.62615966796875,7.772069931030273
4066,Ceva,44.37596893310547,8.026208877563477
4067,Cherasco,44.64530181884766,7.832645893096924
4068,Chiusa di Pesio,44.26045989990234,7.670802593231201
4069,Cigliè,44.43711090087891,7.926281929016113
4070,Cissone,44.56264877319336,8.028829574584961
4071,Clavesana,44.47825622558594,7.924626350402832
4072,Corneliano d'Alba,44.73666000366211,7.96122407913208
4073,Cortemilia,44.57966995239258,8.189709663391113
4074,Cossano Belbo,44.66358184814453,8.194070816040039
4075,Costigliole Saluzzo,44.56187438964844,7.489998817443848
4076,Cravanzana,44.57060241699219,8.121401786804199
4077,Crissolo,44.7001953125,7.125294208526611
4078,Cuneo,44.41635131835938,7.552743911743164
4079,Demonte,44.31455230712891,7.310128211975098
4080,Diano d'Alba,44.64847564697266,8.025023460388184
4081,Dogliani,44.53608322143555,7.956677913665772
4082,Dronero,44.45519638061523,7.329458713531494
4083,Elva,44.54520416259766,7.078266620635986
4084,Entracque,44.18169784545898,7.402759075164795
4085,Envie,44.69156265258789,7.375677108764648
4086,Farigliano,44.50988388061523,7.922325611114502
4087,Faule,44.79567718505859,7.570189952850342
4088,Feisoglio,44.54481887817383,8.103831291198731
4089,Fossano,44.54419708251953,7.692800998687744
4090,Frabosa Soprana,44.25231552124023,7.812989711761475
4091,Frabosa Sottana,44.28083801269531,7.77554988861084
4092,Frassino,44.56634140014648,7.267767906188965
4093,Gaiola,44.33388900756836,7.406457901000977
4094,Gambasca,44.62324905395508,7.337486267089844
4095,Garessio,44.19893264770508,7.992903709411621
4096,Genola,44.58877182006836,7.668511390686035
4097,Gorzegno,44.51406097412109,8.119772911071777
4098,Gottasecca,44.46012115478516,8.177011489868164
4099,Govone,44.79443740844727,8.104036331176758
4100,Grinzane Cavour,44.65943145751953,7.993856430053711
4101,Guarene,44.73574447631836,8.032993316650391
4102,Igliano,44.44119644165039,8.015046119689941
4103,Isasca,44.59022903442383,7.370350360870361
4104,Lagnasco,44.63248825073242,7.558085441589356
4105,La Morra,44.63928985595703,7.934165477752686
4106,Lequio Berria,44.60647201538086,8.101517677307129
4107,Lequio Tanaro,44.55377197265625,7.883127689361572
4108,Lesegno,44.39620208740234,7.963954448699951
4109,Levice,44.53450393676758,8.156970024108887
4110,Limone Piemonte,44.18617630004883,7.576151371002197
4111,Lisio,44.31032943725586,7.980162620544434
4112,Macra,44.50497055053711,7.173411846160889
4113,Magliano Alfieri,44.76472854614258,8.076583862304688
4114,Magliano Alpi,44.45972061157227,7.799760818481445
4115,Mango,44.68039321899414,8.153191566467285
4116,Manta,44.61464309692383,7.489699363708496
4117,Marene,44.65800094604492,7.73237943649292
4118,Margarita,44.40049362182617,7.674707412719727
4119,Marmora,44.43566513061523,7.115035533905029
4120,Marsaglia,44.45405578613281,7.990021228790283
4121,Martiniana Po,44.61603546142578,7.362348556518555
4122,Melle,44.54759979248047,7.308817863464356
4123,Moiola,44.31348037719727,7.38712215423584
4124,Mombarcaro,44.46584320068359,8.079441070556641
4125,Mombasiglio,44.3569450378418,7.963726997375488
4126,Monastero di Vasco,44.33637619018555,7.819661140441895
4127,Monasterolo Casotto,44.31823348999023,7.939045429229736
4128,Monasterolo di Savigliano,44.68227005004883,7.609888076782227
4129,Monchiero,44.56847763061523,7.920793056488037
4130,Mondovì,44.4088249206543,7.813178539276123
4131,Monesiglio,44.46416854858398,8.12215518951416
4132,Monforte d'Alba,44.5860710144043,7.970654010772705
4133,Montà,44.82364273071289,7.951427936553955
4134,Montaldo di Mondovì,44.30110549926758,7.856312274932861
4135,Montaldo Roero,44.77040481567383,7.916100025177002
4136,Montanera,44.45839309692383,7.674576759338379
4137,Montelupo Albese,44.62358474731445,8.035046577453613
4138,Montemale di Cuneo,44.43174362182617,7.360472679138184
4139,Monterosso Grana,44.38722991943359,7.302552700042725
4140,Monteu Roero,44.78516387939453,7.921751499176025
4141,Montezemolo,44.38093566894531,8.133034706115723
4142,Monticello d'Alba,44.71878814697266,7.944890022277832
4143,Moretta,44.76538848876953,7.538369655609131
4144,Morozzo,44.42969512939453,7.688388347625732
4145,Murazzano,44.48067092895508,8.008822441101074
4146,Murello,44.75537109375,7.604960441589356
4147,Narzole,44.59615325927734,7.873049259185791
4148,Neive,44.72771453857422,8.115848541259766
4149,Neviglie,44.69305038452148,8.118769645690918
4150,Niella Belbo,44.51576232910156,8.081558227539063
4151,Niella Tanaro,44.40964508056641,7.922761917114258
4152,Novello,44.59089660644531,7.920094013214111
4153,Nucetto,44.34217834472656,8.054229736328125
4154,Oncino,44.65095138549805,7.163015842437744
4155,Ormea,44.156005859375,7.867361545562744
4156,Ostana,44.70722961425781,7.192903995513916
4157,Paesana,44.67133712768555,7.247453689575195
4158,Pagno,44.60794830322266,7.428717613220215
4159,Pamparato,44.25627136230469,7.909558773040772
4160,Paroldo,44.43020629882813,8.069662094116211
4161,Perletto,44.59722137451172,8.216023445129395
4162,Perlo,44.3245964050293,8.092317581176758
4163,Peveragno,44.31077575683594,7.61812162399292
4164,Pezzolo Valle Uzzone,44.53380966186523,8.214704513549805
4165,Pianfei,44.37290954589844,7.711041927337647
4166,Piasco,44.56896209716797,7.447050094604492
4167,Pietraporzio,44.32719802856445,7.008416175842285
4168,Piobesi d'Alba,44.73097610473633,7.983572006225586
4169,Piozzo,44.51639556884766,7.880939960479736
4170,Pocapaglia,44.7242431640625,7.877790927886963
4171,Polonghera,44.79085159301758,7.595883846282959
4172,Pontechianale,44.64543151855469,7.025698184967041
4173,Pradleves,44.41896438598633,7.271199226379395
4174,Prazzo,44.50214767456055,7.047799110412598
4175,Priero,44.36453628540039,8.098854064941406
4176,Priocca,44.79183578491211,8.06148624420166
4177,Priola,44.25341796875,8.030593872070313
4178,Prunetto,44.49217224121094,8.13935661315918
4179,Racconigi,44.77630233764648,7.672882080078125
4180,Revello,44.6490364074707,7.409543514251709
4181,Rifreddo,44.65469741821289,7.353564262390137
4182,Rittana,44.35848236083984,7.375080108642578
4183,Roaschia,44.25640869140625,7.456974983215332
4184,Roascio,44.41725921630859,8.024991989135742
4185,Robilante,44.28245544433594,7.517310619354248
4186,Roburent,44.23648071289063,7.853021144866943
4187,Roccabruna,44.49248504638672,7.32347583770752
4188,Rocca Cigliè,44.44364547729492,7.949434757232666
4189,Rocca de' Baldi,44.43851470947266,7.74622106552124
4190,Roccaforte Mondovì,44.25069427490234,7.731584072113037
4191,Roccasparvera,44.34492874145508,7.432620048522949
4192,Roccavione,44.29962921142578,7.47801399230957
4193,Rocchetta Belbo,44.63869857788086,8.174704551696777
4194,Roddi,44.67880249023438,7.965953826904297
4195,Roddino,44.57857894897461,8.019328117370606
4196,Rodello,44.62845993041992,8.063258171081543
4197,Rossana,44.53794860839844,7.429001808166504
4198,Ruffia,44.71125793457031,7.602714061737061
4199,Sale delle Langhe,44.39571762084961,8.092422485351563
4201,Saliceto,44.41860580444336,8.182821273803711
4202,Salmour,44.58196640014648,7.797646045684815
4203,Saluzzo,44.67177200317383,7.492135524749756
4204,Sambuco,44.34688949584961,7.083436012268066
4205,Sampeyre,44.58335113525391,7.187026977539063
4206,San Benedetto Belbo,44.49045944213867,8.059632301330566
4207,San Damiano Macra,44.49713897705078,7.237406730651856
4208,Sanfrè,44.75561904907227,7.801449775695801
4209,Sanfront,44.6404914855957,7.302680969238281
4210,San Michele Mondovì,44.36921310424805,7.921260833740234
4211,Sant'Albano Stura,44.48970031738281,7.722544193267822
4212,Santa Vittoria d'Alba,44.69895553588867,7.938167095184326
4213,Santo Stefano Belbo,44.70580673217773,8.224167823791504
4214,Santo Stefano Roero,44.80121994018555,7.924478530883789
4215,Savigliano,44.64171981811523,7.674479961395264
4216,Scagnello,44.3318977355957,7.978735446929932
4217,Scarnafigi,44.68833923339844,7.558505535125732
4218,Serralunga d'Alba,44.61611175537109,7.996171951293945
4219,Serravalle Langhe,44.55851364135742,8.066214561462402
4220,Sinio,44.6047477722168,8.024861335754395
4221,Somano,44.53051376342773,8.014005661010742
4222,Sommariva del Bosco,44.77362060546875,7.780893802642822
4223,Sommariva Perno,44.74563980102539,7.888859748840332
4224,Stroppo,44.51235198974609,7.130096435546875
4225,Tarantasca,44.49836349487305,7.532253742218018
4226,Torre Bormida,44.56688690185547,8.156718254089356
4227,Torre Mondovì,44.32703018188477,7.909928321838379
4228,Torre San Giorgio,44.72819900512695,7.528131008148193
4229,Torresina,44.4364013671875,8.034260749816895
4231,Trezzo Tinella,44.66412353515625,8.113581657409668
4232,Trinità,44.51123428344727,7.763020038604736
4233,Valdieri,44.2266960144043,7.302699565887451
4234,Valgrana,44.40255355834961,7.366443157196045
4235,Valloriate,44.34182357788086,7.34794807434082
4236,Valmala,44.52788162231445,7.344954490661621
4237,Venasca,44.55907440185547,7.396958827972412
4238,Verduno,44.67256164550781,7.931910037994385
4239,Vernante,44.21712493896484,7.516240119934082
4240,Verzuolo,44.59419631958008,7.49422550201416
4241,Vezza d'Alba,44.761474609375,7.994215488433838
4242,Vicoforte,44.36337280273438,7.866225719451904
4243,Vignolo,44.35913848876953,7.476131439208984
4244,Villafalletto,44.55589294433594,7.529963493347168
4245,Villanova Mondovì,44.35861968994141,7.750293254852295
4246,Villanova Solaro,44.73430252075195,7.573456764221191
4247,Villar San Costanzo,44.48677062988281,7.393936634063721
4248,Vinadio,44.26882171630859,7.117528915405273
4249,Viola,44.27661514282227,7.966821670532227
4250,Vottignasco,44.56169509887695,7.579151630401611
5001,Agliano Terme,44.78737640380859,8.246743202209473
5002,Albugnano,45.08030700683594,7.975735664367676
5003,Antignano,44.84067153930664,8.137686729431152
5004,Aramengo,45.09847259521484,7.993537425994873
5005,Asti,44.91327667236328,8.194337844848633
5006,Azzano d'Asti,44.88224411010742,8.266438484191895
5007,Baldichieri d'Asti,44.90694808959961,8.094057083129883
5008,Belveglio,44.83484649658203,8.33208179473877
5009,Berzano di San Pietro,45.10152816772461,7.9513258934021
5010,Bruno,44.79898071289063,8.447522163391113
5011,Bubbio,44.65792465209961,8.293269157409668
5012,Buttigliera d'Asti,45.00629043579102,7.954176902770996
5013,Calamandrana,44.73491287231445,8.336184501647949
5014,Calliano,45.92280578613281,11.10610294342041
5015,Calosso,44.74520111083984,8.235048294067383
5016,Camerano Casasco,44.98816680908203,8.088291168212891
5017,Canelli,44.72196197509766,8.282919883728027
5018,Cantarana,44.89845275878906,8.028040885925293
5019,Capriglio,45.00688934326172,8.009872436523438
5020,Casorzo,45.01475524902344,8.335572242736816
5021,Cassinasco,44.69243240356445,8.311385154724121
5022,Castagnole delle Lanze,44.75742721557617,8.143454551696777
5023,Castagnole Monferrato,44.95395660400391,8.303817749023438
5024,Castel Boglione,44.72761917114258,8.377109527587891
5025,Castell'Alfero,44.97857284545898,8.203423500061035
5026,Castellero,44.9203987121582,8.071759223937988
5027,Castelletto Molina,44.74398040771484,8.431008338928223
5028,Castello di Annone,44.89389038085938,8.330098152160645
5029,Castelnuovo Belbo,44.80523300170898,8.414971351623535
5030,Castelnuovo Calcea,44.78690338134766,8.286646842956543
5031,Castelnuovo Don Bosco,45.03609848022461,7.977438926696777
5032,Castel Rocchero,44.72033309936523,8.412617683410645
5033,Cellarengo,44.86505508422852,7.940388679504395
5034,Celle Enomondo,44.85780334472656,8.115568161010742
5035,Cerreto d'Asti,45.04697799682617,8.031304359436035
5036,Cerro Tanaro,44.88063812255859,8.370316505432129
5037,Cessole,44.64524078369141,8.251199722290039
5038,Chiusano d'Asti,44.98369598388672,8.120915412902832
5039,Cinaglio,44.96859359741211,8.096649169921875
5040,Cisterna d'Asti,44.83481216430664,8.001723289489746
5041,Coazzolo,44.72803497314453,8.151712417602539
5042,Cocconato,45.09000015258789,8.04578971862793
5044,Corsione,45.00440216064453,8.147424697875977
5045,Cortandone,44.95591735839844,8.058026313781738
5046,Cortanze,45.01764678955078,8.087275505065918
5047,Cortazzone,44.98015213012695,8.051355361938477
5048,Cortiglione,44.83028793334961,8.365466117858887
5049,Cossombrato,44.99037170410156,8.139686584472656
5050,Costigliole d'Asti,44.78498077392578,8.177851676940918
5051,Cunico,45.04290008544922,8.091757774353027
5052,Dusino San Michele,44.92000579833984,7.981888771057129
5053,Ferrere,44.87283706665039,7.992492198944092
5054,Fontanile,44.74744033813477,8.411985397338867
5055,Frinco,44.99570846557617,8.175738334655762
5056,Grana,45.00193023681641,8.295637130737305
5057,Grazzano Badoglio,45.03642272949219,8.308073997497559
5058,Incisa Scapaccino,44.81460189819336,8.387939453125
5059,Isola d'Asti,44.82596969604492,8.179489135742188
5060,Loazzolo,44.67098999023438,8.25632381439209
5061,Maranzana,44.76247406005859,8.482094764709473
5062,Maretto,44.94143295288086,8.038474082946777
5063,Moasca,44.76469421386719,8.271946907043457
5064,Mombaldone,44.57597732543945,8.33049201965332
5065,Mombaruzzo,44.77474594116211,8.453756332397461
5066,Mombercelli,44.82683944702148,8.295923233032227
5067,Monale,44.93634414672852,8.07769775390625
5068,Monastero Bormida,44.63943862915039,8.327207565307617
5069,Moncalvo,45.05064392089844,8.27153491973877
5070,Moncucco Torinese,45.06875991821289,7.922591686248779
5071,Mongardino,44.84952163696289,8.225817680358887
5072,Montabone,44.69995498657227,8.391111373901367
5073,Montafia,44.97954177856445,8.014777183532715
5074,Montaldo Scarampi,44.83136749267578,8.26710319519043
5075,Montechiaro d'Asti,45.01256942749023,8.113958358764648
5076,Montegrosso d'Asti,44.80832290649414,8.215827941894531
5077,Montemagno,44.97413635253906,8.329907417297363
5079,Moransengo,45.11895751953125,8.031488418579102
5080,Nizza Monferrato,44.76955795288086,8.354961395263672
5081,Olmo Gentile,44.58200073242188,8.251598358154297
5082,Passerano Marmorito,45.05606842041016,8.013063430786133
5083,Penango,45.02215957641602,8.276764869689941
5084,Piea,45.02137756347656,8.061147689819336
5085,Pino d'Asti,45.05495834350586,7.986536979675293
5086,Piovà Massaia,45.04610061645508,8.050730705261231
5087,Portacomaro,44.94917297363281,8.263103485107422
5088,Quaranti,44.7501335144043,8.44878101348877
5089,Refrancore,44.92958068847656,8.345417976379395
5090,Revigliasco d'Asti,44.85711288452148,8.163369178771973
5091,Roatto,44.95179748535156,8.01668643951416
5092,Robella,45.10657119750977,8.103537559509277
5093,Rocca d'Arazzo,44.86355972290039,8.288732528686523
5094,Roccaverano,44.59484100341797,8.285917282104492
5095,Rocchetta Palafea,44.7047233581543,8.344184875488281
5096,Rocchetta Tanaro,44.85771942138672,8.347166061401367
5097,San Damiano d'Asti,44.84543228149414,8.051835060119629
5098,San Giorgio Scarampi,44.60904693603516,8.239113807678223
5099,San Martino Alfieri,44.82375335693359,8.115579605102539
5100,San Marzano Oliveto,44.75542831420898,8.30062198638916
5101,San Paolo Solbrito,44.95173645019531,7.980720520019531
5103,Scurzolengo,44.96694564819336,8.276177406311035
5104,Serole,44.54804229736328,8.259735107421875
5105,Sessame,44.67094802856445,8.338823318481445
5106,Settime,44.95902633666992,8.112581253051758
5107,Soglio,44.99688720703125,8.076651573181152
5108,Tigliole,44.8842658996582,8.084910392761231
5109,Tonco,45.02053070068359,8.189350128173828
5110,Tonengo,45.11774826049805,8.001899719238281
5111,Vaglio Serra,44.80060577392578,8.343462944030762
5112,Valfenera,44.89137268066406,7.954638957977295
5113,Vesime,44.63012313842773,8.226422309875488
5114,Viale,45.00201034545898,8.04991626739502
5115,Viarigi,44.96595001220703,8.36500358581543
5116,Vigliano d'Asti,44.83475494384766,8.228469848632813
5117,Villafranca d'Asti,44.91896820068359,8.036246299743652
5118,Villanova d'Asti,44.95143890380859,7.934775829315186
5119,Villa San Secondo,45.0113525390625,8.135686874389648
5120,Vinchio,44.80732727050781,8.318469047546387
5121,Montiglio Monferrato,45.05850982666016,8.10746955871582
6001,Acqui Terme,44.68094635009766,8.463761329650879
6002,Albera Ligure,44.70802307128906,9.103512763977051
6003,Alessandria,44.910888671875,8.574676513671875
6004,Alfiano Natta,45.04088592529297,8.208377838134766
6005,Alice Bel Colle,44.72006225585938,8.449468612670898
6006,Alluvioni Cambiò,44.99354553222656,8.775760650634766
6007,Altavilla Monferrato,44.99607849121094,8.375638008117676
6008,Alzano Scrivia,45.01525497436523,8.884071350097656
6009,Arquata Scrivia,44.67398452758789,8.910887718200684
6010,Avolasca,44.81189346313477,8.970893859863281
6011,Balzola,45.18490600585938,8.411855697631836
6012,Basaluzzo,44.76726913452148,8.713783264160156
6013,Bassignana,45.00387573242188,8.731616973876953
6014,Belforte Monferrato,44.584716796875,8.679140090942383
6015,Bergamasco,44.82810592651367,8.449786186218262
6016,Berzano di Tortona,44.87547302246094,8.953996658325195
6017,Bistagno,44.67034149169922,8.374711036682129
6018,Borghetto di Borbera,44.73468780517578,8.967717170715332
6019,Borgoratto Alessandrino,44.83708190917969,8.520666122436523
6020,Borgo San Martino,45.09250259399414,8.529773712158203
6021,Bosco Marengo,44.81498718261719,8.714067459106445
6023,Bozzole,45.0737190246582,8.622245788574219
6024,Brignano-Frascata,44.81029510498047,9.044466018676758
6025,Cabella Ligure,44.68132781982422,9.139588356018066
6026,Camagna Monferrato,45.02162170410156,8.434247016906738
6027,Camino,45.16132354736328,8.274942398071289
6028,Cantalupo Ligure,44.72500228881836,9.062321662902832
6029,Capriata d'Orba,44.72900390625,8.694316864013672
6030,Carbonara Scrivia,44.85332107543945,8.858652114868164
6031,Carentino,44.8223991394043,8.485051155090332
6032,Carezzano,44.80366516113281,8.880778312683106
6033,Carpeneto,44.69186782836914,8.615708351135254
6034,Carrega Ligure,44.61648178100586,9.155538558959961
6035,Carrosio,44.65602111816406,8.836902618408203
6036,Cartosio,44.59588623046875,8.422881126403809
6037,Casal Cermelli,44.82456207275391,8.631970405578613
6038,Casaleggio Boiro,44.61251831054688,8.740958213806152
6039,Casale Monferrato,45.12640762329102,8.461650848388672
6040,Casalnoceto,44.91778564453125,8.979987144470215
6041,Casasco,44.82107162475586,9.004522323608398
6042,Cassano Spinola,44.77139282226563,8.858022689819336
6043,Cassine,44.73862075805664,8.500015258789063
6044,Cassinelle,44.57965850830078,8.557438850402832
6045,Castellania,44.79647827148438,8.938982963562012
6046,Castellar Guidobono,44.90687561035156,8.950063705444336
6047,Castellazzo Bormida,44.83677291870117,8.582975387573242
6048,Castelletto d'Erro,44.63095855712891,8.390487670898438
6049,Castelletto d'Orba,44.68821334838867,8.708590507507324
6050,Castelletto Merli,45.07527542114258,8.235409736633301
6051,Castelletto Monferrato,44.97211837768555,8.554044723510742
6052,Castelnuovo Bormida,44.74197769165039,8.558995246887207
6053,Castelnuovo Scrivia,44.97514724731445,8.874701499938965
6054,Castelspina,44.80089569091797,8.595928192138672
6055,Cavatore,44.63205718994141,8.456819534301758
6056,Cella Monte,45.0660514831543,8.390751838684082
6057,Cereseto,45.08953857421875,8.32281494140625
6058,Cerreto Grue,44.8384895324707,8.930332183837891
6059,Cerrina Monferrato,45.11264801025391,8.209874153137207
6060,Coniolo,45.15221786499023,8.383138656616211
6061,Conzano,45.03364181518555,8.462384223937988
6062,Costa Vescovato,44.81924438476563,8.93068790435791
6063,Cremolino,44.63194274902344,8.575563430786133
6064,Cuccaro Monferrato,44.98990249633789,8.45347785949707
6065,Denice,44.60377883911133,8.333549499511719
6066,Dernice,44.76152801513672,9.045287132263184
6067,Fabbrica Curone,44.74147415161133,9.169144630432129
6068,Felizzano,44.90830993652344,8.42855167388916
6069,Fraconalto,44.58395004272461,8.89382266998291
6070,Francavilla Bisio,44.72661972045898,8.738584518432617
6071,Frascaro,44.81927108764648,8.520008087158203
6072,Frassinello Monferrato,45.03725051879883,8.395256996154785
6073,Frassineto Po,45.1344108581543,8.548792839050293
6074,Fresonara,44.782958984375,8.691420555114746
6075,Frugarolo,44.85221099853516,8.672627449035645
6076,Fubine,44.95881271362305,8.423618316650391
6077,Gabiano,45.15250396728516,8.206206321716309
6078,Gamalero,44.80179595947266,8.527186393737793
6079,Garbagna,44.7802734375,8.997438430786133
6080,Gavazzana,44.77459716796875,8.886153221130371
6081,Gavi,44.68777084350586,8.815393447875977
6082,Giarole,45.0581169128418,8.570124626159668
6083,Gremiasco,44.7956428527832,9.115528106689453
6084,Grognardo,44.62685012817383,8.49437427520752
6085,Grondona,44.69389343261719,8.969581604003906
6086,Guazzora,45.01470947265625,8.848359107971191
6087,Isola Sant'Antonio,45.031982421875,8.847800254821777
6088,Lerma,44.63351821899414,8.71346378326416
6089,Lu,45.00536727905273,8.490987777709961
6090,Malvicino,44.55766296386719,8.419208526611328
6091,Masio,44.86181640625,8.41969108581543
6092,Melazzo,44.63845443725586,8.417070388793945
6093,Merana,44.51516723632813,8.289409637451172
6094,Mirabello Monferrato,45.03310012817383,8.525454521179199
6095,Molare,44.57315063476563,8.590426445007324
6096,Molino dei Torti,45.02783584594727,8.895819664001465
6097,Mombello Monferrato,45.12541580200195,8.256176948547363
6098,Momperone,44.84051513671875,9.036537170410156
6099,Moncestino,45.15699768066406,8.158561706542969
6100,Mongiardino Ligure,44.64187622070313,9.072518348693848
6101,Monleale,44.87110137939453,8.975044250488281
6102,Montacuto,44.76017761230469,9.106883049011231
6103,Montaldeo,44.66557312011719,8.727548599243164
6104,Montaldo Bormida,44.69623184204102,8.592433929443359
6105,Montecastello,44.95786666870117,8.692093849182129
6106,Montechiaro d'Acqui,44.58974075317383,8.380331039428711
6107,Montegioco,44.84046936035156,8.959492683410645
6108,Montemarzino,44.84891128540039,8.992832183837891
6109,Morano sul Po,45.17240142822266,8.353978157043457
6110,Morbello,44.59511184692383,8.521415710449219
6111,Mornese,44.62702560424805,8.759322166442871
6112,Morsasco,44.66718673706055,8.54898738861084
6113,Murisengo,45.08257293701172,8.13753604888916
6114,Novi Ligure,44.76515960693359,8.795196533203125
6115,Occimiano,45.06501770019531,8.514002799987793
6116,Odalengo Grande,45.10488510131836,8.161358833312988
6117,Odalengo Piccolo,45.07387542724609,8.205513000488281
6118,Olivola,45.035400390625,8.368300437927246
6119,Orsara Bormida,44.6882438659668,8.565206527709961
6120,Ottiglio,45.05198669433594,8.341680526733398
6122,Oviglio,44.86521530151367,8.481895446777344
6123,Ozzano Monferrato,45.10710906982422,8.36897087097168
6124,Paderna,44.82471084594727,8.886407852172852
6125,Pareto,44.5269889831543,8.406403541564941
6126,Parodi Ligure,44.67232513427734,8.759096145629883
6127,Pasturana,44.7506103515625,8.746338844299316
6128,Pecetto di Valenza,44.98683547973633,8.67308521270752
6129,Pietra Marazzi,44.9439582824707,8.673895835876465
6130,Piovera,44.95272827148438,8.740676879882813
6131,Pomaro Monferrato,45.06966400146484,8.583752632141113
6132,Pontecurone,44.95634841918945,8.940133094787598
6133,Pontestura,45.13491439819336,8.328648567199707
6134,Ponti,44.62615966796875,8.362669944763184
6135,Ponzano Monferrato,45.0749397277832,8.275485038757324
6136,Ponzone,44.55334854125977,8.493529319763184
6137,Pozzol Groppo,44.86842346191406,9.039126396179199
6138,Pozzolo Formigaro,44.81133270263672,8.789304733276367
6139,Prasco,44.64407730102539,8.539966583251953
6140,Predosa,44.75455856323242,8.63884162902832
6141,Quargnento,44.95403671264648,8.486441612243652
6142,Quattordio,44.90509414672852,8.38801383972168
6143,Ricaldone,44.73358535766602,8.473029136657715
6144,Rivalta Bormida,44.70975494384766,8.560989379882813
6145,Rivarone,44.97373580932617,8.701853752136231
6146,Roccaforte Ligure,44.68048858642578,9.018233299255371
6147,Rocca Grimalda,44.68534851074219,8.643950462341309
6148,Rocchetta Ligure,44.68777465820313,9.060689926147461
6149,Rosignano Monferrato,45.07293701171875,8.415933609008789
6150,Sala Monferrato,45.07492828369141,8.355087280273438
6151,Sale,44.96538925170898,8.800768852233887
6152,San Cristoforo,44.69512939453125,8.746145248413086
6153,San Giorgio Monferrato,45.11009216308594,8.412764549255371
6154,San Salvatore Monferrato,45.00850677490234,8.558064460754395
6155,San Sebastiano Curone,44.78701782226563,9.070553779602051
6156,Sant'Agata Fossili,44.78432464599609,8.904085159301758
6157,Sardigliano,44.76608276367188,8.920242309570313
6158,Sarezzano,44.86442565917969,8.926692008972168
6159,Serralunga di Crea,45.0997314453125,8.289505958557129
6160,Serravalle Scrivia,44.72383117675781,8.849593162536621
6161,Sezzadio,44.75933837890625,8.586568832397461
6162,Silvano d'Orba,44.67575454711914,8.678305625915527
6163,Solero,44.91256332397461,8.501523017883301
6164,Solonghello,45.12981033325195,8.290874481201172
6165,Spigno Monferrato,44.53260040283203,8.34055233001709
6166,Spineto Scrivia,44.83634185791016,8.873435974121094
6167,Stazzano,44.73704528808594,8.899395942687988
6168,Strevi,44.69559860229492,8.518948554992676
6169,Tagliolo Monferrato,44.60282135009766,8.699365615844727
6170,Tassarolo,44.7262077331543,8.768326759338379
6171,Terruggia,45.07405471801758,8.45855712890625
6172,Terzo,44.67714691162109,8.41550350189209
6173,Ticineto,45.10187911987305,8.558234214782715
6174,Tortona,44.88721466064453,8.84174919128418
6175,Treville,45.09692764282227,8.354722023010254
6176,Trisobbio,44.65950393676758,8.586477279663086
6177,Valenza,45.0189208984375,8.629636764526367
6178,Valmacca,45.1046257019043,8.597471237182617
6179,Vignale Monferrato,45.00770950317383,8.400328636169434
6180,Vignole Borbera,44.70938110351563,8.908329010009766
6181,Viguzzolo,44.90769577026367,8.924588203430176
6182,Villadeati,45.05846405029297,8.168664932250977
6183,Villalvernia,44.81047821044922,8.858118057250977
6184,Villamiroglio,45.13386535644531,8.162657737731934
6185,Villanova Monferrato,45.18362045288086,8.472338676452637
6186,Villaromagnano,44.84697723388672,8.897758483886719
6187,Visone,44.65392303466797,8.508299827575684
6188,Volpedo,44.8875732421875,8.999740600585938
6189,Volpeglino,44.89468383789063,8.959028244018555
6190,Voltaggio,44.60264205932617,8.845458984375
96001,Ailoche,45.70543670654297,8.217761039733887
96002,Andorno Micca,45.61324310302734,8.065428733825684
96003,Benna,45.50947570800781,8.138804435729981
96004,Biella,45.56402969360352,8.055949211120606
96005,Bioglio,45.6932258605957,8.047007560729981
96006,Borriana,45.50672912597656,8.038125038146973
96007,Brusnengo,45.54861450195313,8.282674789428711
96008,Callabiana,45.63275909423828,8.083989143371582
96009,Camandona,45.64461898803711,8.092092514038086
96010,Camburzano,45.54349517822266,7.999855518341065
96011,Campiglia Cervo,45.67624282836914,7.997314929962158
96012,Candelo,45.5382194519043,8.123993873596191
96013,Caprile,45.74372863769531,8.154178619384766
96014,Casapinta,45.61433410644531,8.199522018432617
96015,Castelletto Cervo,45.51951599121094,8.243110656738281
96016,Cavaglià,45.39994812011719,8.114033699035645
96017,Cerreto Castello,45.56666564941406,8.166666984558106
96018,Cerrione,45.47517013549805,8.070999145507813
96019,Coggiola,45.71360397338867,8.156805038452148
96020,Cossato,45.55293655395508,8.184333801269531
96021,Crevacuore,45.68014144897461,8.248600959777832
96022,Crosa,45.607666015625,8.18638801574707
96023,Curino,45.63642883300781,8.23701286315918
96024,Donato,45.54249954223633,7.908238410949707
96025,Dorzano,45.42617797851563,8.109873771667481
96026,Gaglianico,45.53781509399414,8.081768035888672
96027,Gifflenga,45.48333358764648,8.266667366027832
96028,Graglia,45.56000900268555,7.96347188949585
96029,Lessona,45.55438232421875,8.225132942199707
96030,Magnano,45.46964645385742,8.003353118896484
96031,Massazza,45.48612594604492,8.163166999816895
96032,Masserano,45.56157302856445,8.244915962219238
96033,Mezzana Mortigliengo,45.62912368774414,8.189129829406738
96034,Miagliano,45.61861038208008,8.043610572814941
96035,Mongrando,45.52189636230469,7.994769096374512
96037,Mottalciata,45.50300598144531,8.203977584838867
96038,Muzzano,45.58237075805664,7.943327903747559
96039,Netro,45.54547500610352,7.940269470214844
96040,Occhieppo Inferiore,45.54439163208008,8.023270606994629
96041,Occhieppo Superiore,45.56356811523438,8.009600639343262
96042,Pettinengo,45.61069488525391,8.098516464233398
96043,Piatto,45.58729553222656,8.140817642211914
96044,Piedicavallo,45.69681167602539,7.959158420562744
96046,Pollone,45.5883674621582,7.993526935577393
96047,Ponderano,45.53048706054688,8.050494194030762
96048,Portula,45.70233154296875,8.124505043029785
96049,Pralungo,45.60976028442383,8.024384498596191
96050,Pray,45.673095703125,8.208771705627441
96051,Quaregna,45.58795166015625,8.163327217102051
96052,Quittengo,45.66006851196289,8.024165153503418
96053,Ronco Biellese,45.58166885375977,8.098610877990723
96054,Roppolo,45.4300422668457,8.082273483276367
96055,Rosazza,45.67551422119141,7.962436199188232
96056,Sagliano Micca,45.63581466674805,8.036050796508789
96057,Sala Biellese,45.51034545898438,7.958034515380859
96058,Salussola,45.45161819458008,8.139078140258789
96059,Sandigliano,45.51186752319336,8.07771110534668
96060,San Paolo Cervo,45.6461181640625,7.997689247131348
96061,Selve Marcone,45.61853790283203,8.088682174682617
96062,Soprana,45.64114761352539,8.201159477233887
96063,Sordevolo,45.60504913330078,7.942108631134033
96064,Sostegno,45.65326690673828,8.27932071685791
96065,Strona,45.62312316894531,8.171695709228516
96066,Tavigliano,45.64226913452148,8.059326171875
96067,Ternengo,45.58906555175781,8.115874290466309
96068,Tollegno,45.59965896606445,8.044208526611328
96069,Torrazzo,45.49849700927734,7.950314044952393
96070,Trivero,45.68375015258789,8.135600090026856
96071,Valdengo,45.56737899780273,8.137545585632324
96072,Vallanzengo,45.68018341064453,8.081289291381836
96073,Valle Mosso,45.6349983215332,8.150446891784668
96074,Valle San Nicolao,45.71625137329102,8.044923782348633
96075,Veglio,45.64609527587891,8.108486175537109
96076,Verrone,45.49903869628906,8.116908073425293
96077,Vigliano Biellese,45.56280517578125,8.11058235168457
96078,Villa del Bosco,45.62006378173828,8.28040885925293
96079,Villanova Biellese,45.47191619873047,8.198797225952148
96080,Viverone,45.42052841186523,8.044136047363281
96081,Zimone,45.4489860534668,8.040143013000488
96082,Zubiena,45.48997116088867,8.008251190185547
96083,Zumaglia,45.59418869018555,8.086147308349609
96084,Mosso,45.66500091552734,8.116510391235352
103001,Antrona Schieranco,46.05712509155273,8.085461616516113
103002,Anzola d'Ossola,45.97006607055664,8.340023040771484
103003,Arizzano,45.95515060424805,8.582276344299316
103004,Arola,45.81564712524414,8.344264984130859
103005,Aurano,46.01638412475586,8.602537155151367
103006,Baceno,46.31809234619141,8.279965400695801
103007,Bannio Anzino,45.95641708374023,8.136874198913574
103008,Baveno,45.91552352905273,8.493473052978516
103009,Bee,45.96919631958008,8.578818321228027
103010,Belgirate,45.84548950195313,8.579079627990723
103011,Beura-Cardezza,46.05652236938477,8.319925308227539
103012,Bognanco,46.12884140014648,8.176402091979981
103013,Brovello-Carpugnino,45.85473251342773,8.536919593811035
103014,Calasca-Castiglione,45.99966049194336,8.18376636505127
103015,Cambiasca,45.96945190429688,8.542283058166504
103016,Cannero Riviera,46.01435089111328,8.674951553344727
103017,Cannobio,46.06832885742188,8.671684265136719
103018,Caprezzo,45.99229049682617,8.549341201782227
103019,Casale Corte Cerro,45.92165756225586,8.405818939208984
103020,Cavaglio-Spoccia,46.09221267700195,8.621909141540527
103021,Ceppo Morelli,45.97085571289063,8.07258415222168
103022,Cesara,45.83676910400391,8.351633071899414
103023,Cossogno,46.01869583129883,8.476504325866699
103024,Craveggia,46.16248321533203,8.503426551818848
103025,Crevoladossola,46.154052734375,8.269277572631836
103026,Crodo,46.24333572387695,8.295185089111328
103027,Cursolo-Orasso,46.10343551635742,8.556643486022949
103028,Domodossola,46.10752487182617,8.279195785522461
103029,Druogno,46.13177490234375,8.412297248840332
103030,Falmenta,46.06335830688477,8.568852424621582
103031,Formazza,46.39822006225586,8.400196075439453
103032,Germagno,45.89929962158203,8.385398864746094
103033,Ghiffa,45.95817947387695,8.617312431335449
103034,Gignese,45.86467742919922,8.498823165893555
103036,Gurro,46.08047485351563,8.546653747558594
103037,Intragna,46.00819778442383,8.562591552734375
103038,Loreglia,45.92247009277344,8.368098258972168
103039,Macugnaga,45.95344161987305,7.95561408996582
103040,Madonna del Sasso,45.79039764404297,8.344622611999512
103041,Malesco,46.10271835327148,8.490861892700195
103042,Masera,46.14390563964844,8.353641510009766
103043,Massiola,45.9296875,8.313888549804688
103044,Mergozzo,45.96205520629883,8.454795837402344
103045,Miazzina,46.01607131958008,8.519224166870117
103046,Montecrestese,46.20096206665039,8.381528854370117
103047,Montescheno,46.07959365844727,8.195260047912598
103048,Nonio,45.85049057006836,8.378730773925781
103049,Oggebbio,45.99474716186523,8.644562721252441
103050,Omegna,45.87067031860352,8.417624473571777
103051,Ornavasso,45.96271133422852,8.387617111206055
103052,Pallanzeno,46.04225158691406,8.249122619628906
103053,Piedimulera,46.02691268920898,8.250572204589844
103054,Pieve Vergonte,45.98346710205078,8.27418327331543
103055,Premeno,45.98284530639648,8.599509239196777
103056,Premia,46.30622482299805,8.362143516540527
103057,Premosello-Chiovenda,46.01672744750977,8.362612724304199
103058,Quarna Sopra,45.8891716003418,8.362515449523926
103059,Quarna Sotto,45.87606430053711,8.333311080932617
103060,Re,46.14352798461914,8.572163581848145
103061,San Bernardino Verbano,46.01438140869141,8.429617881774902
103062,Santa Maria Maggiore,46.08882141113281,8.432036399841309
103063,Seppiana,46.04894638061523,8.218192100524902
103064,Stresa,45.88703155517578,8.525644302368164
103065,Toceno,46.16172027587891,8.466780662536621
103066,Trarego Viggiona,46.03846740722656,8.642253875732422
103067,Trasquera,46.2160530090332,8.181324005126953
103068,Trontano,46.0894660949707,8.364375114440918
103069,Valstrona,45.92658233642578,8.282608032226563
103070,Vanzone con San Carlo,45.98667907714844,8.10598087310791
103071,Varzo,46.26271438598633,8.133097648620606
103072,Verbania,45.93511962890625,8.540181159973145
103073,Viganella,46.04632568359375,8.176383972167969
103074,Vignone,45.9619140625,8.556666374206543
103075,Villadossola,46.0712890625,8.25848388671875
103076,Villette,46.13526153564453,8.537868499755859
103077,Vogogna,46.02214050292969,8.298015594482422
