idcom,latitude,longitude,distance_m,duration_sec
1001,45.36589813232422,7.775890827178955,335225,254112
1002,44.92180252075195,7.483628273010254,305142,231953
1003,45.30684280395508,7.28231143951416,333198,250622
1004,45.43180465698242,7.943963050842285,354013,268092
1005,45.46542739868164,7.784042835235596,349004,263511
1006,45.11818313598633,7.419915199279785,283372,215312
1007,45.40651702880859,7.576591968536377,342415,258547
1008,45.10095596313477,7.517033576965332,290836,220912
1009,45.03607177734375,7.866256237030029,323427,246144
1010,45.54613494873047,7.885948181152344,366156,276921
1011,44.86080551147461,7.177359104156494,318958,248681
1012,45.03776550292969,7.898874282836914,326153,248118
1013,45.07492828369141,7.39209794998169,281902,214442
1014,45.42242813110352,7.99329137802124,355475,269283
1015,45.37680053710938,7.747515678405762,337671,255780
1016,45.27694320678711,7.519351005554199,313112,237285
1017,45.40632629394531,7.74465799331665,339630,257218
1018,45.06982040405273,7.804664134979248,316640,241057
1019,45.29996109008789,7.186912059783936,342593,257119
1020,45.45360946655273,7.856389045715332,350488,265678
1021,45.29446029663086,7.620614528656006,318845,241889
1022,45.10075378417969,6.731351375579834,228873,176434
1023,45.32110214233398,7.869021415710449,337955,256105
1024,45.01750183105469,7.581571578979492,300595,228598
1025,44.79300689697266,7.288800239562988,312870,243653
1026,44.78436660766602,7.066501140594482,340538,264290
1027,45.46632766723633,7.948737144470215,357369,270717
1028,45.14798355102539,7.676666259765625,309575,235235
1029,45.41436004638672,7.667262554168701,336263,254518
1030,45.51412963867188,7.850313186645508,358081,271173
1031,45.36256408691406,7.980636596679688,350192,265649
1032,45.12164688110352,7.245090484619141,267380,203502
1033,45.26634979248047,7.769679069519043,327069,248279
1034,45.17363357543945,7.834431648254395,319924,243202
1035,44.82693862915039,7.291961669921875,309300,240978
1036,45.51000595092773,7.801829338073731,354781,267497
1037,45.11148834228516,8.070162773132324,344151,260757
1038,45.01430892944336,7.474001407623291,292336,222319
1039,45.15184020996094,8.062130928039551,340200,258111
1040,45.15206527709961,7.199127197265625,266560,202640
1041,44.87437438964844,7.424761295318604,308273,236215
1042,45.48383712768555,7.927295684814453,356436,269952
1043,45.32221221923828,7.661151885986328,324904,246480
1044,45.12099075317383,7.149855613708496,261934,199292
1045,45.07340621948242,7.435255527496338,284709,216323
1046,45.244384765625,7.508158206939697,306833,232587
1047,45.28137969970703,7.882601261138916,334100,253377
1048,44.97831344604492,7.775627613067627,316576,240528
1049,44.8047981262207,7.327147483825684,312438,243350
1050,45.33043670654297,7.897421836853027,338897,257009
1051,44.95515060424805,7.582149982452393,304663,231733
1052,45.38053894042969,7.577771186828613,334795,254175
1053,44.95159530639648,7.332812309265137,303718,232766
1054,45.35080718994141,7.388094902038574,330310,249131
1055,45.13385772705078,7.340653896331787,283865,215745
1056,45.39971923828125,7.960629463195801,350886,265790
1057,45.58581924438477,7.830631256103516,380370,289194
1058,44.89723205566406,7.661580562591553,313974,238636
1059,44.85824203491211,7.735530853271484,322623,245055
1060,45.12957763671875,7.935693740844727,329932,251382
1062,45.10618209838867,7.469879150390625,288548,219697
1063,45.18120193481445,7.660669803619385,310976,236082
1064,45.1625862121582,7.892759799957275,326741,248306
1065,44.8947868347168,7.56676197052002,309219,235011
1066,45.3905029296875,7.704266548156738,337817,255942
1067,45.47618865966797,7.678077220916748,349947,264386
1068,45.11274337768555,7.803316116333008,315844,240078
1069,45.14602279663086,8.034341812133789,339768,258038
1070,44.79452514648438,7.389051914215088,318716,243857
1071,44.86407852172852,7.503296852111816,311367,236541
1072,45.31574249267578,7.357964515686035,327881,247714
1074,44.89445495605469,6.834427833557129,247936,191134
1075,45.37754440307617,7.339482307434082,333134,251090
1076,45.16659927368164,7.170714855194092,269054,204382
1077,45.50394821166992,7.902387142181397,357887,270882
1078,45.00358200073242,7.827796459197998,320647,243944
1079,45.42281341552734,7.64760160446167,340449,257348
1080,45.10227966308594,6.985721111297607,263318,200061
1081,45.09856414794922,7.323298931121826,275909,210011
1082,45.20586776733398,7.895956516265869,326750,248311
1083,45.32963943481445,7.761417865753174,332867,252140
1084,45.44826507568359,7.678377628326416,344971,260916
1085,45.09287643432617,7.922359466552734,330014,250343
1086,45.21967315673828,7.591750621795654,308865,234338
1087,44.92247772216797,6.757368087768555,229259,175685
1088,45.32517623901367,7.465674877166748,319249,241649
1089,45.05071258544922,7.232409954071045,281993,218929
1090,45.09132766723633,7.590234279632568,297458,226000
1091,45.43923950195313,7.668804168701172,342905,259243
1092,45.43046188354492,7.812766075134277,345979,262283
1093,45.15711212158203,7.27182674407959,285147,216319
1094,45.32933044433594,7.519179821014404,320203,242112
1095,45.38480377197266,7.998193740844727,353295,267959
1096,45.35808944702148,7.812543869018555,338752,256588
1097,44.96768951416016,7.384483337402344,295892,227049
1098,45.39967727661133,7.632132530212402,334126,253051
1099,45.15260696411133,7.568949222564697,299840,227692
1100,45.10648727416992,6.918911933898926,243638,186198
1101,45.3108024597168,7.685447216033936,324449,246157
1102,45.29539489746094,7.7584547996521,329850,249949
1103,45.02226257324219,7.058255672454834,273555,212951
1104,45.21257019042969,7.528586864471436,303049,229960
1105,45.46625518798828,7.829821586608887,350295,265449
1106,45.26729583740234,7.823098182678223,329016,249736
1107,45.34739303588867,7.567108631134033,330131,249941
1108,45.46377182006836,7.620469570159912,352197,265600
1109,45.27347946166992,7.668186664581299,319708,242559
1110,44.92609024047852,7.372582912445068,302122,231706
1111,44.83370208740234,7.367502689361572,314465,240724
1112,45.11772155761719,7.838272094726563,318876,242332
1113,45.25233840942383,7.456448554992676,314308,238044
1114,45.15001678466797,6.953706741333008,234730,179215
1115,45.01472473144531,7.297848224639893,291904,222821
1116,45.16239929199219,7.494256973266602,295157,224126
1117,45.10709762573242,7.028908252716065,260610,198137
1118,45.36741638183594,7.230342388153076,339966,255318
1119,45.26813507080078,7.568256378173828,311962,236558
1120,45.05546569824219,7.593244552612305,297697,226301
1121,45.47784805297852,7.587637901306152,347321,262409
1122,44.93350219726563,7.214004993438721,291829,227679
1123,44.90451431274414,7.910736560821533,330190,250650
1124,45.44604110717773,7.737930297851563,346987,262343
1125,45.45391082763672,7.891061782836914,350894,265862
1126,45.18019104003906,7.518150329589844,297626,225951
1127,44.95345687866211,7.675694942474365,312927,237851
1128,45.27540969848633,7.48015308380127,311326,235998
1129,45.15298080444336,7.989420890808106,336219,255127
1130,45.18703079223633,7.719508647918701,315503,239697
1131,45.22773742675781,7.283967018127441,300333,231912
1132,45.48622512817383,7.822881698608398,353527,267837
1133,45.32015609741211,7.601057052612305,321473,243877
1134,45.43630599975586,7.410622119903565,356013,268612
1135,45.23047637939453,7.726189613342285,320909,243630
1136,44.84555053710938,7.636322498321533,319041,242167
1137,45.44543838500977,7.808642387390137,347438,263383
1138,45.44244003295898,7.782853126525879,346510,261965
1139,44.81894683837891,7.242929935455322,314295,244539
1140,44.79513168334961,7.244077205657959,315878,245667
1141,45.31150054931641,7.770473957061768,332945,252237
1142,44.84961700439453,7.415661334991455,311096,238310
1143,45.35048675537109,8.010129928588867,348383,264120
1144,45.06536102294922,7.879392623901367,324561,247564
1145,44.96852874755859,7.023899555206299,291285,233899
1146,45.25503921508789,7.542596817016602,310208,235225
1147,45.09615325927734,7.107088565826416,265278,201812
1148,45.28420257568359,7.939989566802979,337886,256415
1149,45.1005973815918,7.065755844116211,262375,200169
1150,45.35646438598633,7.869185924530029,340387,258019
1151,45.50920867919922,7.706093311309815,359840,270950
1152,45.28200531005859,7.366596221923828,325383,246196
1153,45.04320907592773,7.917680740356445,327964,249428
1154,45.16885757446289,7.076038837432861,268947,204034
1155,45.30838012695313,7.435131072998047,320682,242784
1156,44.98836898803711,7.702555656433106,310493,236128
1157,45.20452499389648,6.984302997589111,245374,184562
1158,45.06692504882813,7.853288650512695,321994,245578
1159,45.33195114135742,7.834638118743897,335537,254315
1160,45.49346160888672,7.862557411193848,356116,269805
1161,45.23462295532227,7.849847793579102,330320,250741
1162,45.16267013549805,8.015589714050293,336370,255291
1163,45.03499984741211,7.936280727386475,329796,250762
1164,44.99021911621094,7.642189502716065,307171,233547
1166,45.2436408996582,7.567956924438477,309475,234758
1167,45.54220581054688,7.861734390258789,363792,274977
1168,44.9400749206543,7.548954486846924,305096,231967
1169,45.19589996337891,7.03442907333374,252880,191855
1170,45.34296417236328,7.686553001403809,328334,248916
1171,45.00139617919922,7.535806655883789,297783,226586
1172,45.32577514648438,7.853989124298096,337542,255766
1173,44.84889602661133,7.347989082336426,311881,238959
1174,44.87105941772461,7.608658313751221,314484,238844
1175,45.04445648193359,6.799094200134277,232974,179939
1176,45.34413146972656,7.748909950256348,332234,251923
1177,45.45666122436523,7.980190277099609,359573,272176
1178,44.83211135864258,7.583840370178223,317059,240774
1179,45.42290878295898,7.796124458312988,345739,262117
1180,45.07679748535156,7.832797050476074,322280,244865
1181,45.4290885925293,7.851073741912842,348564,264183
1182,45.4539794921875,7.781243801116943,347955,262859
1183,45.01808547973633,7.752771854400635,315159,240041
1184,44.98210525512695,7.188022613525391,288047,225160
1185,45.40697860717773,7.834752082824707,344998,261514
1186,44.92362976074219,7.122166633605957,296945,231080
1187,45.35033416748047,7.639779567718506,327292,248502
1188,45.28704071044922,7.426938056945801,318578,241546
1189,45.11386871337891,7.553895473480225,294760,223937
1190,44.96754837036133,7.247138500213623,301835,232193
1191,44.88134765625,7.350646495819092,307147,235343
1192,45.04428863525391,7.777655601501465,314424,238755
1193,44.92060089111328,7.603516101837158,309953,235660
1194,44.98678207397461,7.449839591979981,295909,224847
1195,44.91591262817383,7.425829410552979,302446,231979
1196,45.44442749023438,8.005294799804688,358514,271524
1197,44.9025993347168,7.842754364013672,326024,247584
1198,44.9503173828125,7.178300380706787,290080,226325
1199,45.43313598632813,7.584110736846924,342985,259209
1200,44.89474487304688,7.267848491668701,302707,236023
1201,44.98354721069336,6.946164608001709,267457,206383
1202,44.88151931762695,7.044536590576172,272568,218279
1203,44.85294723510742,7.897324562072754,333348,252902
1204,44.90112686157227,7.190870761871338,301909,234998
1205,44.86324310302734,7.262338638305664,303727,236622
1206,45.36101150512695,7.617069721221924,328338,249176
1207,45.35563659667969,7.596739292144775,328823,249383
1208,45.42404174804688,7.780900955200195,343254,260135
1209,45.52528381347656,7.827095985412598,357799,270999
1210,45.55700302124023,7.778248310089111,373295,283866
1211,45.05305099487305,7.428300380706787,285851,217427
1212,45.45289611816406,7.479975700378418,354032,267087
1213,45.12294387817383,7.889705657958984,324831,246515
1214,45.03046035766602,7.54425048828125,296697,225619
1215,44.97942733764648,7.888835430145264,325942,248079
1216,45.32612609863281,7.632571697235107,324153,245835
1217,45.30395126342773,7.724907875061035,327353,248288
1218,45.25343322753906,7.702508449554443,320110,242737
1219,45.06674575805664,7.523563385009766,291992,221865
1220,45.19042587280273,7.578337669372559,307333,233009
1221,45.30860900878906,7.574960708618164,318242,241378
1222,44.92094039916992,7.335316181182861,304593,233387
1223,45.40003204345703,7.87052059173584,344053,260856
1224,45.50750732421875,7.498019695281982,355091,267536
1225,45.24633407592773,7.960801124572754,334643,254242
1226,44.77950286865234,7.189777374267578,324659,251928
1227,45.0113410949707,7.127553462982178,279616,217593
1228,45.07492446899414,7.466566562652588,287358,218322
1229,45.15605926513672,7.374773025512695,289588,219476
1230,45.47335433959961,7.738537311553955,350964,264982
1231,45.36144256591797,7.694991111755371,330432,250481
1232,45.07515335083008,6.882638454437256,242399,187103
1233,45.45695114135742,7.842011451721191,350673,265781
1234,44.94094848632813,7.0357666015625,286982,230577
1235,45.44610214233398,7.838636875152588,348882,264466
1236,45.23689270019531,7.785814762115479,323699,245910
1237,45.25473022460938,7.617480278015137,313866,238014
1238,45.38401031494141,7.608283519744873,334466,253876
1239,45.13440704345703,7.21684455871582,265502,202038
1240,45.22999954223633,7.666668891906738,316210,239855
1241,45.02351379394531,7.444931030273438,290861,221127
1242,44.88872528076172,7.23613452911377,297759,232332
1243,45.1384391784668,7.524042129516602,293456,222923
1244,45.33468246459961,7.805859088897705,335576,254380
1245,45.11186981201172,7.178500175476074,268125,203583
1246,45.2980842590332,7.807449340820313,334670,253786
1247,45.39687347412109,7.808801174163818,342275,259061
1248,45.20920181274414,7.640308380126953,314085,238277
1249,45.09717559814453,7.765115737915039,312391,237498
1250,44.92881774902344,7.289319038391113,310532,237661
1251,45.34661483764648,7.664995193481445,327602,248358
1252,45.15213394165039,7.855702877044678,321544,244446
1253,45.159912109375,7.94379186630249,333389,253036
1254,44.86042785644531,7.303052425384522,304491,237449
1255,45.09690093994141,7.359117984771729,277560,211051
1256,45.09368515014648,7.265532970428467,274049,208530
1257,44.9442024230957,7.782954692840576,319476,242770
1258,44.89758682250977,6.92646598815918,253399,194850
1259,45.01759719848633,6.870177745819092,242573,187426
1260,44.88917922973633,7.480417251586914,309270,234991
1261,45.38159942626953,7.845194816589356,342436,259565
1262,45.09893798828125,7.876081466674805,324504,246261
1263,44.96691131591797,6.882066249847412,251692,193821
1264,45.40663909912109,7.992646217346191,353568,267817
1265,45.14566802978516,7.77139949798584,314295,238924
1266,45.56775283813477,7.856626033782959,374742,283128
1267,45.39730834960938,7.526379108428955,345159,260836
1268,45.41666793823242,7.766666889190674,341623,258868
1269,45.3834228515625,7.903051853179932,345717,262064
1270,45.13503646850586,7.076332092285156,254179,193615
1271,45.54159164428711,7.806797981262207,363110,275704
1272,45.07163238525391,7.677824974060059,304066,231213
1274,45.39788436889648,7.762624740600586,338848,256568
1275,44.82442092895508,7.195797920227051,318571,247649
1276,45.02888107299805,7.404919147491455,289110,219707
1277,45.51351928710938,7.68325138092041,363422,273625
1278,45.52472305297852,7.656830310821533,362513,272943
1279,45.2622184753418,7.419986724853516,320394,242183
1280,44.97496032714844,7.744559288024902,314157,238767
1281,45.04953765869141,7.007762908935547,267931,207310
1282,45.22796249389648,7.170728206634522,305693,238296
1283,45.09538650512695,7.293931007385254,276437,210531
1284,45.15422439575195,7.447333812713623,295453,224023
1285,45.0760498046875,7.333812713623047,279606,213023
1286,45.22582244873047,7.483409404754639,307269,233077
1287,45.3680419921875,7.659853935241699,329307,249557
1288,45.55344390869141,7.541945457458496,358404,269848
1289,45.19947052001953,7.473538875579834,306365,232090
1290,45.27675628662109,7.625583171844482,316851,240311
1291,45.17262649536133,6.988394260406494,240686,181231
1292,45.1407356262207,7.618914127349854,303038,230080
1293,45.19314575195313,7.994015693664551,333550,253340
1294,45.15824127197266,8.106265068054199,344791,261461
1295,45.38330459594727,7.943855285644531,350643,265664
1296,45.37952423095703,7.811442375183106,339913,257494
1297,45.55122375488281,7.635907649993897,362513,272943
1298,45.42843246459961,7.748371601104736,342816,259313
1299,44.83748245239258,7.496457576751709,314197,238602
1300,44.79538345336914,7.484824657440186,320366,243081
1301,45.2366943359375,7.547611236572266,307394,233229
1302,45.04046630859375,7.472341537475586,290058,220446
1303,45.11477661132813,7.378764152526856,280529,213290
1304,45.29258346557617,7.975685119628906,340588,258509
1305,45.09336471557617,7.213088035583496,273791,209106
1306,44.75278472900391,7.113457202911377,330689,256408
1307,44.91949844360352,7.259529113769531,296191,230963
1308,44.91656112670898,7.740447044372559,318871,242341
1309,44.95538330078125,7.628971099853516,308756,234793
1310,44.8620491027832,7.57622241973877,313545,238243
1311,45.34277725219727,7.938898086547852,343508,260390
1312,45.43743896484375,7.771859645843506,345433,261250
1313,45.23833465576172,7.375555992126465,307920,235070
1314,45.19451904296875,7.783833503723145,319699,242836
1315,44.95967102050781,7.508903980255127,300574,228584
2003,45.42552185058594,8.381152153015137,380302,287688
2004,45.36973190307617,8.085385322570801,352649,267444
2006,45.49141311645508,8.375330924987793,381810,288869
2007,45.26472854614258,8.410907745361328,370567,280565
2008,45.81229782104492,8.137175559997559,425441,320264
2009,45.46150970458984,8.285237312316895,373461,282780
2011,45.29966735839844,8.141939163208008,350617,265987
2014,45.82501602172852,8.079205513000488,430338,323561
2015,45.35027313232422,8.053171157836914,348909,264689
2016,45.73218154907227,8.249919891357422,405870,306306
2017,45.36027526855469,8.46607780456543,378883,286862
2019,45.77374267578125,8.303372383117676,414860,312116
2021,45.4842529296875,8.263784408569336,372581,282152
2025,45.796630859375,7.993551731109619,431290,328068
2029,45.91449356079102,8.04171085357666,442595,332148
2030,45.22136688232422,8.508357048034668,378437,286495
2031,45.36331939697266,8.392013549804688,376754,285138
2032,45.42487335205078,8.206151962280273,365454,276856
2033,45.39791107177734,8.290818214416504,369236,279686
2035,45.48989105224609,8.32979679107666,378074,286128
2038,45.75131225585938,8.317771911621094,412204,310400
2041,45.8743782043457,8.14275074005127,434068,326307
2042,45.28704452514648,8.019057273864746,342557,260004
2043,45.81335067749023,8.306982040405273,418973,315557
2045,45.4000358581543,8.347203254699707,374667,283598
2047,45.22407531738281,8.366423606872559,366055,277342
2048,45.86624526977539,8.198291778564453,428542,322440
2049,45.203369140625,8.114406585693359,343527,260821
2052,45.32326507568359,8.239673614501953,359527,272497
2054,45.26140975952148,8.340493202209473,367941,278722
2057,45.90795516967773,8.129968643188477,435847,327394
2058,45.1998176574707,8.188132286071777,350137,265658
2059,45.43093490600586,8.276972770690918,369646,279947
2061,45.60427093505859,8.357432365417481,390492,295038
2062,45.52683258056641,8.374542236328125,383675,290164
2065,45.45585250854492,8.380851745605469,381819,288807
2066,45.69773864746094,8.253965377807617,400079,301726
2067,45.23266983032227,8.100961685180664,344305,261309
2068,45.55782318115234,8.367233276367188,385766,291659
2070,45.28388977050781,8.316081047058106,364604,276193
2071,45.26495742797852,8.109176635742188,345989,262528
2072,45.62483596801758,8.323967933654785,391687,295775
2078,45.82749176025391,8.023463249206543,429274,326764
2079,45.32345581054688,7.995541095733643,344911,261596
2082,45.18617248535156,8.518123626708984,378359,286382
2088,45.35568237304688,8.316885948181152,368567,279150
2089,45.39651107788086,8.386246681213379,377792,285881
2090,45.18581390380859,8.232260704040527,352601,267460
2091,45.23323059082031,8.415010452270508,371030,280981
2093,45.26063919067383,8.499111175537109,378044,286133
2096,45.75699996948242,8.070074081420898,414676,315387
2097,45.7601432800293,8.039553642272949,431449,328621
2102,45.73932647705078,8.198715209960938,406104,306271
2104,45.2816276550293,8.480072975158691,377303,285538
2107,45.76953506469727,8.249295234680176,410053,309500
2108,45.37793350219727,8.354501724243164,373880,283025
2110,45.75095748901367,7.978302955627441,429597,327169
2111,45.87431335449219,8.001891136169434,440783,330910
2112,45.88008117675781,8.069290161132813,438145,329002
2113,45.91925048828125,8.191617965698242,435219,326722
2115,45.20954132080078,8.416678428649902,368934,279461
2116,45.59086227416992,8.29179859161377,385923,291634
2118,45.26187133789063,8.266697883605957,357657,271119
2121,45.85408401489258,8.123156547546387,431284,324376
2122,45.53538131713867,8.315892219543457,380080,287535
2123,45.88216018676758,8.246386528015137,423616,319165
2126,45.32036209106445,8.283809661865234,363899,275703
2127,45.3067626953125,8.315437316894531,366539,277629
2128,45.2358283996582,8.027982711791992,337864,256582
2131,45.35558700561523,8.259723663330078,362823,274962
2133,45.3719367980957,8.198139190673828,359602,272646
2134,45.78679275512695,8.126075744628906,429130,322889
2135,45.7603645324707,8.099892616271973,414182,315286
2137,45.67236709594727,8.309163093566895,399767,301683
2142,45.22872161865234,8.456772804260254,374154,283323
2147,45.23335266113281,8.312825202941895,363714,275639
2148,45.23909378051758,8.219891548156738,354682,268930
2150,45.33094024658203,8.184043884277344,356036,269924
2152,45.72845458984375,8.348642349243164,405776,307067
2156,45.82340621948242,8.257607460021973,417353,314884
2158,45.31978225708008,8.411398887634277,371436,281314
2163,45.43976211547852,8.34461784362793,377365,285598
2164,45.38696670532227,8.424713134765625,382666,289523
2166,45.8022346496582,8.16392707824707,423757,319078
3001,45.66634368896484,8.569543838500977,412140,310846
3002,45.78813171386719,8.451426506042481,417341,314978
3006,45.83203887939453,8.463953018188477,424321,319714
3008,45.75684356689453,8.558887481689453,416132,314441
3012,45.57037353515625,8.51140308380127,396948,299944
3016,45.55377578735352,8.642543792724609,407566,308036
3018,45.45755386352539,8.475561141967773,390521,295259
3019,45.68097686767578,8.407772064208984,399645,301699
3021,45.66213607788086,8.534628868103027,409682,309265
3022,45.761474609375,8.447358131408691,412685,311289
3023,45.31671142578125,8.692115783691406,399328,301717
3024,45.69793701171875,8.469496726989746,405622,306290
3025,45.69222640991211,8.598624229431152,416230,313957
3026,45.73224258422852,8.458169937133789,409357,309000
3027,45.533203125,8.504125595092773,396264,299459
3030,45.52662658691406,8.576289176940918,403597,304778
3032,45.51438522338867,8.665212631225586,403944,305474
3036,45.54130554199219,8.419737815856934,388401,293640
3037,45.42833709716797,8.47576904296875,388324,293633
3039,45.48801422119141,8.503054618835449,396204,299357
3040,45.3837890625,8.527451515197754,387177,292848
3041,45.40063095092773,8.46818733215332,383416,290083
3042,45.51145935058594,8.494351387023926,394632,298286
3043,45.71127319335938,8.620969772338867,419824,316802
3044,45.59923553466797,8.498252868652344,400426,302438
3045,45.61027145385742,8.473546028137207,401017,302714
3047,45.66244888305664,8.403436660766602,397430,300078
3049,45.40432357788086,8.790127754211426,410029,309630
3051,45.79175186157227,8.490274429321289,418329,315349
3052,45.71591949462891,8.560390472412109,414195,312805
3055,45.64608001708984,8.509112358093262,406953,307333
3058,45.66803741455078,8.454813957214356,401569,303262
3060,45.65572738647461,8.598429679870606,414755,312776
3062,45.73428344726563,8.57411003112793,417121,315173
3065,45.55912780761719,8.458030700683594,392240,296479
3066,45.64076614379883,8.468447685241699,403737,304740
3068,45.4854850769043,8.712525367736816,404117,305686
3069,45.39187240600586,8.66071891784668,399464,301869
3070,45.72442626953125,8.409192085266113,409538,309079
3071,45.71317672729492,8.517192840576172,410224,309542
3073,45.60549545288086,8.428058624267578,396390,299384
3076,45.74902725219727,8.428526878356934,410741,309894
3077,45.36922836303711,8.588162422180176,389604,294660
3079,45.68899154663086,8.344650268554688,399732,301777
3082,45.75754165649414,8.480287551879883,413674,311987
3083,45.4951286315918,8.420991897583008,391781,296199
3084,45.82418441772461,8.560917854309082,424230,320328
3088,45.69942092895508,8.413326263427734,402265,303738
3090,45.50021743774414,8.461806297302246,394311,298043
3091,45.63034820556641,8.629876136779785,411744,310788
3093,45.82673645019531,8.529698371887207,422960,318973
3095,45.79082489013672,8.53907585144043,419727,317065
3097,45.62067794799805,8.60008716583252,410427,309759
3098,45.80987548828125,8.422381401062012,418563,315940
3100,45.56965255737305,8.564804077148438,401512,303332
3103,45.80879592895508,8.515072822570801,420992,317578
3104,45.37001037597656,8.647359848022461,397137,300135
3106,45.4395866394043,8.615664482116699,393948,297967
3108,45.59698104858398,8.646213531494141,408478,308503
3109,45.74440765380859,8.529905319213867,414169,312717
3112,45.79838180541992,8.405372619628906,417996,315351
3114,45.74721145629883,8.510762214660645,412429,311292
3115,45.81351852416992,8.387782096862793,419485,316505
3116,45.82805633544922,8.404150009155273,421128,317536
3119,45.79096603393555,8.513453483581543,418509,315743
3120,45.75803375244141,8.376775741577148,414454,312549
3121,45.64362335205078,8.647727012634277,414404,312951
3122,45.66344833374023,8.369853019714356,396226,299279
3129,45.46011734008789,8.42521858215332,392458,296638
3130,45.63065719604492,8.399309158325195,395443,298681
3131,45.46911239624023,8.745842933654785,405432,306633
3133,45.77743148803711,8.393568992614746,415404,313345
3134,45.42714691162109,8.420291900634766,387548,293092
3135,45.4691047668457,8.540871620178223,395253,298718
3138,45.51665878295898,8.437892913818359,390381,295169
3139,45.57723617553711,8.443142890930176,393945,297608
3140,45.7395133972168,8.399232864379883,410685,309887
3141,45.39556503295898,8.724795341491699,404081,305255
3143,45.62722396850586,8.545778274536133,406664,306945
3144,45.37562561035156,8.694397926330566,400735,302811
3146,45.35228729248047,8.72657585144043,402381,303933
3149,45.43222045898438,8.74055290222168,404105,305682
3153,45.60335540771484,8.555562019348145,405809,306445
3154,45.66840362548828,8.641194343566895,417607,315103
3157,45.69202041625977,8.542750358581543,411568,310727
3158,45.34618759155273,8.661298751831055,397033,300017
3159,45.4759635925293,8.458303451538086,393085,297169
3164,45.32948303222656,8.50141716003418,380450,287970
4001,44.48727798461914,6.950538158416748,303865,237997
4002,44.28771209716797,7.221596240997315,338656,267201
4003,44.6956787109375,8.032443046569824,354610,269077
4004,44.597900390625,8.061380386352539,369986,280007
4005,44.11888122558594,7.990779399871826,447645,336869
4006,44.37833786010742,6.949354648590088,297348,228950
4007,44.58858489990234,8.098843574523926,370291,280182
4008,44.29306793212891,8.047362327575684,403556,304514
4009,44.75302505493164,7.254384517669678,323324,251164
4010,44.75463485717773,7.913754940032959,341259,258569
4011,44.71955490112305,8.07681941986084,360798,273899
4012,44.72834014892578,7.347787380218506,326551,249556
4013,44.61518859863281,7.94149112701416,358045,272059
4014,44.44203948974609,7.903557777404785,376206,284410
4015,44.32280349731445,8.014643669128418,398981,301172
4016,44.36967468261719,7.651263236999512,351204,275121
4017,44.57612991333008,6.983395576477051,294229,230470
4018,44.49928283691406,7.978792667388916,371470,280846
4019,44.53535461425781,7.82605504989624,362642,274665
4020,44.62940216064453,8.097577095031738,365916,277042
4021,44.54985427856445,8.177084922790527,386073,293153
4022,44.38288879394531,7.426936626434326,342576,268063
4023,44.5050048828125,8.015844345092773,371711,281000
4024,44.62969207763672,8.122257232666016,368317,278462
4025,44.32979965209961,7.471342086791992,349536,273243
4026,44.59853744506836,8.141684532165527,375026,284012
4027,44.53222274780273,8.050836563110352,375779,283463
4028,44.3076171875,7.559445381164551,353213,276092
4029,44.70691680908203,7.825281143188477,341182,258783
4030,44.40145111083984,7.874801158905029,380808,287511
4032,44.59865188598633,7.39963960647583,322537,254251
4033,44.58993148803711,7.321205139160156,315644,248190
4034,44.50606155395508,7.467485427856445,327312,257217
4035,44.42679977416992,8.135457992553711,389854,294455
4036,44.6968879699707,8.18961238861084,368845,279482
4037,44.80025100708008,8.004868507385254,345434,262050
4038,44.4206657409668,7.054118156433106,304207,239093
4039,44.11922836303711,7.94910192489624,441326,331627
4040,44.4271240234375,7.440385341644287,336151,263460
4041,44.78561401367188,7.730398654937744,328732,249487
4042,44.74012756347656,7.473184585571289,326173,247346
4043,44.48333358764648,7.883333206176758,370251,280115
4044,44.4765739440918,7.284034252166748,328843,257491
4045,44.81666946411133,7.625124454498291,320892,243630
4046,44.75481033325195,8.051630020141602,353146,267922
4047,44.59213638305664,7.088819026947022,286661,225091
4048,44.63058090209961,7.445252418518066,341476,258413
4049,44.431396484375,7.635671138763428,346256,271376
4050,44.49251556396484,8.189803123474121,393915,298335
4051,44.77549362182617,8.033270835876465,350709,266192
4052,44.42703247070313,7.987771511077881,386833,292360
4053,44.40444564819336,7.1922926902771,320915,251854
4054,44.35057067871094,8.132624626159668,399487,301447
4055,44.6291618347168,7.972751140594482,359560,273214
4056,44.7304573059082,8.191383361816406,368318,279691
4057,44.62512588500977,8.160251617431641,373482,283095
4058,44.73515319824219,7.648856163024902,332243,251793
4059,44.70815277099609,7.698503017425537,335347,254128
4060,44.45843887329102,7.175308227539063,342522,274227
4061,44.48823547363281,7.592901706695557,336774,264397
4062,44.81816864013672,7.816632270812988,331047,251133
4063,44.57718276977539,8.077534675598145,371305,280818
4064,44.38595199584961,7.480679035186768,342823,268382
4065,44.62615966796875,7.772069931030273,349703,264570
4066,44.37596893310547,8.026208877563477,392141,296424
4067,44.64530181884766,7.832645893096924,354247,268577
4068,44.26045989990234,7.670802593231201,364108,283985
4069,44.43711090087891,7.926281929016113,377649,285382
4070,44.56264877319336,8.028829574584961,373518,282777
4071,44.47825622558594,7.924626350402832,371852,281435
4072,44.73666000366211,7.96122407913208,346192,262704
4073,44.57966995239258,8.189709663391113,382841,290522
4074,44.66358184814453,8.194070816040039,373933,284131
4075,44.56187438964844,7.489998817443848,323371,254540
4076,44.57060241699219,8.121401786804199,377556,286322
4077,44.7001953125,7.125294208526611,344412,265543
4078,44.41635131835938,7.552743911743164,340336,266827
4079,44.31455230712891,7.310128211975098,332432,262688
4080,44.64847564697266,8.025023460388184,361528,273759
4081,44.53608322143555,7.956677913665772,365515,276781
4082,44.45519638061523,7.329458713531494,332760,260459
4083,44.54520416259766,7.078266620635986,318646,250024
4084,44.18169784545898,7.402759075164795,362326,286274
4085,44.69156265258789,7.375677108764648,330582,252582
4086,44.50988388061523,7.922325611114502,368398,278783
4087,44.79567718505859,7.570189952850342,321606,244123
4088,44.54481887817383,8.103831291198731,381622,289158
4089,44.54419708251953,7.692800998687744,341612,268092
4090,44.25231552124023,7.812989711761475,384460,298664
4091,44.28083801269531,7.77554988861084,373192,290583
4092,44.56634140014648,7.267767906188965,309858,243788
4093,44.33388900756836,7.406457901000977,341799,269634
4094,44.62324905395508,7.337486267089844,327557,260019
4095,44.19893264770508,7.992903709411621,418229,314684
4096,44.58877182006836,7.668511390686035,348507,263641
4097,44.51406097412109,8.119772911071777,390064,295606
4098,44.46012115478516,8.177011489868164,397576,300891
4099,44.79443740844727,8.104036331176758,355143,269357
4100,44.65943145751953,7.993856430053711,359970,272898
4101,44.73574447631836,8.032993316650391,352632,267453
4102,44.44119644165039,8.015046119689941,383985,290396
4103,44.59022903442383,7.370350360870361,318210,250189
4104,44.63248825073242,7.558085441589356,340125,257300
4105,44.63928985595703,7.934165477752686,354749,268802
4106,44.60647201538086,8.101517677307129,370378,280231
4107,44.55377197265625,7.883127689361572,361373,273915
4108,44.39620208740234,7.963954448699951,385513,291302
4109,44.53450393676758,8.156970024108887,388002,294534
4110,44.18617630004883,7.576151371002197,371502,288843
4111,44.31032943725586,7.980162620544434,397635,300050
4112,44.50497055053711,7.173411846160889,317111,248599
4113,44.76472854614258,8.076583862304688,355436,270064
4114,44.45972061157227,7.799760818481445,368880,278528
4115,44.68039321899414,8.153191566467285,367403,278672
4116,44.61464309692383,7.489699363708496,326636,257066
4117,44.65800094604492,7.73237943649292,342221,259080
4118,44.40049362182617,7.674707412719727,352639,276019
4119,44.43566513061523,7.115035533905029,318748,249198
4120,44.45405578613281,7.990021228790283,380844,288150
4121,44.61603546142578,7.362348556518555,340796,259824
4122,44.54759979248047,7.308817863464356,312531,245785
4123,44.31348037719727,7.38712215423584,339271,267851
4124,44.46584320068359,8.079441070556641,382640,289089
4125,44.3569450378418,7.963726997375488,391287,295716
4126,44.33637619018555,7.819661140441895,368654,287777
4127,44.31823348999023,7.939045429229736,382211,297681
4128,44.68227005004883,7.609888076782227,336596,254929
4129,44.56847763061523,7.920793056488037,359770,272626
4130,44.4088249206543,7.813178539276123,374050,282435
4131,44.46416854858398,8.12215518951416,389103,295166
4132,44.5860710144043,7.970654010772705,364832,276099
4133,44.82364273071289,7.951427936553955,339225,257114
4134,44.30110549926758,7.856312274932861,379466,296072
4135,44.77040481567383,7.916100025177002,341614,258779
4136,44.45839309692383,7.674576759338379,347416,272204
4137,44.62358474731445,8.035046577453613,364821,276288
4138,44.43174362182617,7.360472679138184,334802,265535
4139,44.38722991943359,7.302552700042725,340603,269479
4140,44.78516387939453,7.921751499176025,341513,258691
4141,44.38093566894531,8.133034706115723,392599,296137
4142,44.71878814697266,7.944890022277832,348034,263967
4143,44.76538848876953,7.538369655609131,323725,245558
4144,44.42969512939453,7.688388347625732,349557,273818
4145,44.48067092895508,8.008822441101074,376010,284131
4146,44.75537109375,7.604960441589356,327571,248435
4147,44.59615325927734,7.873049259185791,354729,268889
4148,44.72771453857422,8.115848541259766,359459,272721
4149,44.69305038452148,8.118769645690918,364128,276113
4150,44.51576232910156,8.081558227539063,382482,289020
4151,44.40964508056641,7.922761917114258,380454,287531
4152,44.59089660644531,7.920094013214111,357927,271257
4153,44.34217834472656,8.054229736328125,398952,301783
4154,44.65095138549805,7.163015842437744,343573,265192
4155,44.156005859375,7.867361545562744,441180,332792
4156,44.70722961425781,7.192903995513916,343488,264919
4157,44.67133712768555,7.247453689575195,331885,257134
4158,44.60794830322266,7.428717613220215,325409,256673
4159,44.25627136230469,7.909558773040772,389009,302166
4160,44.43020629882813,8.069662094116211,385046,291018
4161,44.59722137451172,8.216023445129395,385907,292932
4162,44.3245964050293,8.092317581176758,402538,303889
4163,44.31077575683594,7.61812162399292,353920,276630
4164,44.53380966186523,8.214704513549805,391542,296747
4165,44.37290954589844,7.711041927337647,357415,279460
4166,44.56896209716797,7.447050094604492,321329,252985
4167,44.32719802856445,7.008416175842285,342730,270844
4168,44.73097610473633,7.983572006225586,348032,264130
4169,44.51639556884766,7.880939960479736,367405,278013
4170,44.7242431640625,7.877790927886963,343110,259964
4171,44.79085159301758,7.595883846282959,322974,245125
4172,44.64543151855469,7.025698184967041,281390,220619
4173,44.41896438598633,7.271199226379395,333301,264174
4174,44.50214767456055,7.047799110412598,312111,244408
4175,44.36453628540039,8.098854064941406,396699,299763
4176,44.79183578491211,8.06148624420166,352337,267377
4177,44.25341796875,8.030593872070313,408583,308061
4178,44.49217224121094,8.13935661315918,392981,297703
4179,44.77630233764648,7.672882080078125,328823,249362
4180,44.6490364074707,7.409543514251709,336654,256851
4181,44.65469741821289,7.353564262390137,340533,259443
4182,44.35848236083984,7.375080108642578,347665,273653
4183,44.25640869140625,7.456974983215332,360200,280855
4184,44.41725921630859,8.024991989135742,388259,293730
4185,44.28245544433594,7.517310619354248,355714,277723
4186,44.23648071289063,7.853021144866943,383624,298841
4187,44.49248504638672,7.32347583770752,323125,256022
4188,44.44364547729492,7.949434757232666,378275,285722
4189,44.43851470947266,7.74622106552124,354094,277093
4190,44.25069427490234,7.731584072113037,373335,291385
4191,44.34492874145508,7.432620048522949,344623,271681
4192,44.29962921142578,7.47801399230957,352772,275535
4193,44.63869857788086,8.174704551696777,372854,283222
4194,44.67880249023438,7.965953826904297,353738,268203
4195,44.57857894897461,8.019328117370606,370429,280454
4196,44.62845993041992,8.063258171081543,363382,275220
4197,44.53794860839844,7.429001808166504,320571,252127
4198,44.71125793457031,7.602714061737061,333571,252694
4199,44.39571762084961,8.092422485351563,390338,295138
4201,44.41860580444336,8.182821273803711,397979,301194
4202,44.58196640014648,7.797646045684815,359092,271956
4203,44.67177200317383,7.492135524749756,335326,253919
4204,44.34688949584961,7.083436012268066,337847,267400
4205,44.58335113525391,7.187026977539063,297126,233828
4206,44.49045944213867,8.059632301330566,378882,286238
4207,44.49713897705078,7.237406730651856,323659,253567
4208,44.75561904907227,7.801449775695801,334508,253908
4209,44.6404914855957,7.302680969238281,321995,255477
4210,44.36921310424805,7.921260833740234,374241,292385
4211,44.48970031738281,7.722544193267822,362087,273638
4212,44.69895553588867,7.938167095184326,350279,265734
4213,44.70580673217773,8.224167823791504,372251,282586
4214,44.80121994018555,7.924478530883789,341866,258857
4215,44.64171981811523,7.674479961395264,343180,259768
4216,44.3318977355957,7.978735446929932,397132,299631
4217,44.68833923339844,7.558505535125732,333217,252370
4218,44.61611175537109,7.996171951293945,364137,275699
4219,44.55851364135742,8.066214561462402,373729,282669
4220,44.6047477722168,8.024861335754395,366133,277100
4221,44.53051376342773,8.014005661010742,371541,280785
4222,44.77362060546875,7.780893802642822,331890,251938
4223,44.74563980102539,7.888859748840332,341835,258979
4224,44.51235198974609,7.130096435546875,316845,248176
4225,44.49836349487305,7.532253742218018,332228,260963
4226,44.56688690185547,8.156718254089356,379646,288303
4227,44.32703018188477,7.909928321838379,378476,295402
4228,44.72819900512695,7.528131008148193,327593,248356
4229,44.4364013671875,8.034260749816895,383241,289312
4231,44.66412353515625,8.113581657409668,365882,276760
4232,44.51123428344727,7.763020038604736,362437,273940
4233,44.2266960144043,7.302699565887451,353396,280579
4234,44.40255355834961,7.366443157196045,344083,268989
4235,44.34182357788086,7.34794807434082,346015,272408
4236,44.52788162231445,7.344954490661621,314816,247776
4237,44.55907440185547,7.396958827972412,315240,248232
4238,44.67256164550781,7.931910037994385,351082,266330
4239,44.21712493896484,7.516240119934082,367187,285648
4240,44.59419631958008,7.49422550201416,325171,255906
4241,44.761474609375,7.994215488433838,349184,265089
4242,44.36337280273438,7.866225719451904,368820,287999
4243,44.35913848876953,7.476131439208984,344978,269835
4244,44.55589294433594,7.529963493347168,328968,258679
4245,44.35861968994141,7.750293254852295,361087,282023
4246,44.73430252075195,7.573456764221191,330395,250421
4247,44.48677062988281,7.393936634063721,331616,260060
4248,44.26882171630859,7.117528915405273,339419,266670
4249,44.27661514282227,7.966821670532227,390230,303883
4250,44.56169509887695,7.579151630401611,331611,260704
5001,44.78737640380859,8.246743202209473,367164,278808
5002,45.08030700683594,7.975735664367676,336462,255370
5003,44.84067153930664,8.137686729431152,353674,268266
5004,45.09847259521484,7.993537425994873,338190,256508
5005,44.91327667236328,8.194337844848633,355492,269617
5006,44.88224411010742,8.266438484191895,363211,275286
5007,44.90694808959961,8.094057083129883,346839,263129
5008,44.83484649658203,8.33208179473877,373490,283174
5009,45.10152816772461,7.9513258934021,332023,252047
5010,44.79898071289063,8.447522163391113,385311,292115
5011,44.65792465209961,8.293269157409668,384159,291933
5012,45.00629043579102,7.954176902770996,332000,252404
5013,44.73491287231445,8.336184501647949,377623,286664
5014,45.92280578613281,11.10610294342041,635980,475027
5015,44.74520111083984,8.235048294067383,368856,279774
5016,44.98816680908203,8.088291168212891,349043,265345
5017,44.72196197509766,8.282919883728027,374337,284392
5018,44.89845275878906,8.028040885925293,342196,259964
5019,45.00688934326172,8.009872436523438,338515,257474
5020,45.01475524902344,8.335572242736816,370729,281614
5021,44.69243240356445,8.311385154724121,380396,288683
5022,44.75742721557617,8.143454551696777,362914,275471
5023,44.95395660400391,8.303817749023438,368856,279583
5024,44.72761917114258,8.377109527587891,381768,289638
5025,44.97857284545898,8.203423500061035,360764,274452
5026,44.9203987121582,8.071759223937988,345572,262335
5027,44.74398040771484,8.431008338928223,385753,293075
5028,44.89389038085938,8.330098152160645,368658,279452
5029,44.80523300170898,8.414971351623535,382605,290158
5030,44.78690338134766,8.286646842956543,371774,281866
5031,45.03609848022461,7.977438926696777,333703,253836
5032,44.72033309936523,8.412617683410645,384878,291623
5033,44.86505508422852,7.940388679504395,335897,254747
5034,44.85780334472656,8.115568161010742,352191,267028
5035,45.04697799682617,8.031304359436035,342455,260749
5036,44.88063812255859,8.370316505432129,371473,281558
5037,44.64524078369141,8.251199722290039,382374,291518
5038,44.98369598388672,8.120915412902832,351636,267398
5039,44.96859359741211,8.096649169921875,350732,266053
5040,44.83481216430664,8.001723289489746,346041,262228
5041,44.72803497314453,8.151712417602539,363909,276277
5042,45.09000015258789,8.04578971862793,344167,261696
5044,45.00440216064453,8.147424697875977,352609,268105
5045,44.95591735839844,8.058026313781738,347740,263743
5046,45.01764678955078,8.087275505065918,347971,264813
5047,44.98015213012695,8.051355361938477,344448,261863
5048,44.83028793334961,8.365466117858887,375825,284865
5049,44.99037170410156,8.139686584472656,352465,267963
5050,44.78498077392578,8.177851676940918,360987,273919
5051,45.04290008544922,8.091757774353027,348614,265491
5052,44.92000579833984,7.981888771057129,336963,255610
5053,44.87283706665039,7.992492198944092,339910,257825
5054,44.74744033813477,8.411985397338867,383392,291097
5055,44.99570846557617,8.175738334655762,355835,270636
5056,45.00193023681641,8.295637130737305,366470,278387
5057,45.03642272949219,8.308073997497559,369169,280880
5058,44.81460189819336,8.387939453125,379906,288145
5059,44.82596969604492,8.179489135742188,359905,273068
5060,44.67098999023438,8.25632381439209,379546,288742
5061,44.76247406005859,8.482094764709473,389519,295426
5062,44.94143295288086,8.038474082946777,343838,260895
5063,44.76469421386719,8.271946907043457,370093,280956
5064,44.57597732543945,8.33049201965332,398151,303777
5065,44.77474594116211,8.453756332397461,386066,292768
5066,44.82683944702148,8.295923233032227,370197,280697
5067,44.93634414672852,8.07769775390625,346856,263148
5068,44.63943862915039,8.327207565307617,386887,294087
5069,45.05064392089844,8.27153491973877,365873,277532
5070,45.06875991821289,7.922591686248779,329802,251801
5071,44.84952163696289,8.225817680358887,364258,275883
5072,44.69995498657227,8.391111373901367,385616,292845
5073,44.97954177856445,8.014777183532715,340168,258664
5074,44.83136749267578,8.26710319519043,368010,279124
5075,45.01256942749023,8.113958358764648,349745,266044
5076,44.80832290649414,8.215827941894531,364712,277189
5077,44.97413635253906,8.329907417297363,370971,281722
5079,45.11895751953125,8.031488418579102,340659,259117
5080,44.76955795288086,8.354961395263672,377013,286172
5081,44.58200073242188,8.251598358154297,392377,298373
5082,45.05606842041016,8.013063430786133,342270,260553
5083,45.02215957641602,8.276764869689941,366046,278391
5084,45.02137756347656,8.061147689819336,345608,262773
5085,45.05495834350586,7.986536979675293,335924,255574
5086,45.04610061645508,8.050730705261231,343506,261513
5087,44.94917297363281,8.263103485107422,366836,277975
5088,44.7501335144043,8.44878101348877,387361,293924
5089,44.92958068847656,8.345417976379395,370094,280601
5090,44.85711288452148,8.163369178771973,357021,270636
5091,44.95179748535156,8.01668643951416,340295,258476
5092,45.10657119750977,8.103537559509277,348269,263936
5093,44.86355972290039,8.288732528686523,367347,278473
5094,44.59484100341797,8.285917282104492,392746,298452
5095,44.7047233581543,8.344184875488281,380770,289044
5096,44.85771942138672,8.347166061401367,371702,281746
5097,44.84543228149414,8.051835060119629,346468,262742
5098,44.60904693603516,8.239113807678223,386271,293715
5099,44.82375335693359,8.115579605102539,352800,267741
5100,44.75542831420898,8.30062198638916,373137,283183
5101,44.95173645019531,7.980720520019531,335966,254984
5103,44.96694564819336,8.276177406311035,367679,279209
5104,44.54804229736328,8.259735107421875,392961,297871
5105,44.67094802856445,8.338823318481445,385740,292972
5106,44.95902633666992,8.112581253051758,352319,267161
5107,44.99688720703125,8.076651573181152,346427,263248
5108,44.8842658996582,8.084910392761231,348958,264897
5109,45.02053070068359,8.189350128173828,356795,271278
5110,45.11774826049805,8.001899719238281,337182,256144
5111,44.80060577392578,8.343462944030762,376651,285659
5112,44.89137268066406,7.954638957977295,334498,253754
5113,44.63012313842773,8.226422309875488,381507,290102
5114,45.00201034545898,8.04991626739502,342399,260302
5115,44.96595001220703,8.36500358581543,374298,283767
5116,44.83475494384766,8.228469848632813,364599,276471
5117,44.91896820068359,8.036246299743652,341658,259285
5118,44.95143890380859,7.934775829315186,331818,252344
5119,45.0113525390625,8.135686874389648,351643,267332
5120,44.80732727050781,8.318469047546387,372708,282550
5121,45.05850982666016,8.10746955871582,350084,266435
6001,44.68094635009766,8.463761329650879,391926,297506
6002,44.70802307128906,9.103512763977051,447721,336586
6003,44.910888671875,8.574676513671875,391777,296414
6004,45.04088592529297,8.208377838134766,360994,273932
6005,44.72006225585938,8.449468612670898,389201,295087
6006,44.99354553222656,8.775760650634766,408745,309040
6007,44.99607849121094,8.375638008117676,374946,284720
6008,45.01525497436523,8.884071350097656,416640,314553
6010,44.81189346313477,8.970893859863281,430243,324695
6011,45.18490600585938,8.411855697631836,368111,278859
6012,44.76726913452148,8.713783264160156,409174,309083
6013,45.00387573242188,8.731616973876953,401850,303941
6014,44.584716796875,8.679140090942383,420670,318746
6015,44.82810592651367,8.449786186218262,386764,293232
6016,44.87547302246094,8.953996658325195,423356,319634
6017,44.67034149169922,8.374711036682129,387079,294140
6018,44.73468780517578,8.967717170715332,431676,325270
6019,44.83708190917969,8.520666122436523,394948,298607
6020,45.09250259399414,8.529773712158203,380746,288285
6021,44.81498718261719,8.714067459106445,405096,306117
6023,45.0737190246582,8.622245788574219,388298,293831
6024,44.81029510498047,9.044466018676758,433673,326937
6025,44.68132781982422,9.139588356018066,454605,341687
6026,45.02162170410156,8.434247016906738,380321,288842
6027,45.16132354736328,8.274942398071289,362346,274433
6028,44.72500228881836,9.062321662902832,441801,332374
6029,44.72900390625,8.694316864013672,410543,309980
6030,44.85332107543945,8.858652114868164,418730,316300
6031,44.8223991394043,8.485051155090332,390008,294980
6032,44.80366516113281,8.880778312683106,420424,317255
6033,44.69186782836914,8.615708351135254,405819,307760
6034,44.61648178100586,9.155538558959961,458670,345462
6035,44.65602111816406,8.836902618408203,427168,322042
6036,44.59588623046875,8.422881126403809,401000,304073
6037,44.82456207275391,8.631970405578613,398271,301240
6038,44.61251831054688,8.740958213806152,423622,321027
6039,45.12640762329102,8.461650848388672,374150,283441
6040,44.91778564453125,8.979987144470215,423437,319857
6041,44.82107162475586,9.004522323608398,430416,324807
6042,44.77139282226563,8.858022689819336,420846,317557
6043,44.73862075805664,8.500015258789063,393134,298243
6044,44.57965850830078,8.557438850402832,411331,311980
6045,44.79647827148438,8.938982963562012,426733,321717
6046,44.90687561035156,8.950063705444336,420387,317625
6047,44.83677291870117,8.582975387573242,393470,297720
6048,44.63095855712891,8.390487670898438,393536,299091
6049,44.68821334838867,8.708590507507324,416634,314526
6050,45.07527542114258,8.235409736633301,362896,275264
6051,44.97211837768555,8.554044723510742,391692,296295
6052,44.74197769165039,8.558995246887207,399079,303055
6053,44.97514724731445,8.874701499938965,417261,314970
6054,44.80089569091797,8.595928192138672,398027,300955
6055,44.63205718994141,8.456819534301758,398772,302509
6056,45.0660514831543,8.390751838684082,374724,283881
6057,45.08953857421875,8.32281494140625,367452,278133
6058,44.8384895324707,8.930332183837891,422982,319346
6059,45.11264801025391,8.209874153137207,358656,271698
6060,45.15221786499023,8.383138656616211,372644,282583
6061,45.03364181518555,8.462384223937988,381582,289163
6062,44.81924438476563,8.93068790435791,424245,320088
6063,44.63194274902344,8.575563430786133,406401,307990
6064,44.98990249633789,8.45347785949707,382412,290327
6065,44.60377883911133,8.333549499511719,393611,299705
6066,44.76152801513672,9.045287132263184,439471,331189
6067,44.74147415161133,9.169144630432129,450191,338643
6068,44.90830993652344,8.42855167388916,377513,285962
6069,44.58395004272461,8.89382266998291,438886,330375
6070,44.72661972045898,8.738584518432617,413929,312528
6071,44.81927108764648,8.520008087158203,395138,298709
6072,45.03725051879883,8.395256996154785,377737,286139
6073,45.1344108581543,8.548792839050293,380192,287840
6074,44.782958984375,8.691420555114746,406327,307006
6075,44.85221099853516,8.672627449035645,402194,304157
6076,44.95881271362305,8.423618316650391,378971,287328
6077,45.15250396728516,8.206206321716309,354164,268287
6078,44.80179595947266,8.527186393737793,394624,298370
6079,44.7802734375,8.997438430786133,433419,326900
6080,44.77459716796875,8.886153221130371,423217,319136
6081,44.68777084350586,8.815393447875977,422809,318807
6082,45.0581169128418,8.570124626159668,386118,292240
6083,44.7956428527832,9.115528106689453,441846,332585
6084,44.62685012817383,8.49437427520752,401340,304361
6085,44.69389343261719,8.969581604003906,432207,325842
6086,45.01470947265625,8.848359107971191,412253,311356
6087,45.031982421875,8.847800254821777,411142,310537
6088,44.63351821899414,8.71346378326416,420246,318669
6089,45.00536727905273,8.490987777709961,385860,292910
6090,44.55766296386719,8.419208526611328,406816,308094
6091,44.86181640625,8.41969108581543,378957,286966
6092,44.63845443725586,8.417070388793945,394926,299708
6093,44.51516723632813,8.289409637451172,402595,305991
6094,45.03310012817383,8.525454521179199,385652,291675
6095,44.57315063476563,8.590426445007324,416051,315754
6096,45.02783584594727,8.895819664001465,415144,313467
6097,45.12541580200195,8.256176948547363,359771,272486
6098,44.84051513671875,9.036537170410156,431398,325335
6099,45.15699768066406,8.158561706542969,349532,265007
6100,44.64187622070313,9.072518348693848,451193,338925
6101,44.87110137939453,8.975044250488281,425392,321161
6102,44.76017761230469,9.106883049011231,443911,333911
6103,44.66557312011719,8.727548599243164,421284,317962
6104,44.69623184204102,8.592433929443359,404590,306926
6105,44.95786666870117,8.692093849182129,402494,304354
6106,44.58974075317383,8.380331039428711,396686,301551
6107,44.84046936035156,8.959492683410645,424825,320921
6108,44.84891128540039,8.992832183837891,428386,323673
6109,45.17240142822266,8.353978157043457,362710,274949
6110,44.59511184692383,8.521415710449219,406586,308499
6111,44.62702560424805,8.759322166442871,425053,320490
6112,44.66718673706055,8.54898738861084,402355,305058
6113,45.08257293701172,8.13753604888916,351311,266129
6114,44.76515960693359,8.795196533203125,413270,311969
6115,45.06501770019531,8.514002799987793,382385,289308
6116,45.10488510131836,8.161358833312988,354068,268463
6117,45.07387542724609,8.205513000488281,359719,272365
6118,45.035400390625,8.368300437927246,375075,283961
6119,44.6882438659668,8.565206527709961,401354,304387
6120,45.05198669433594,8.341680526733398,372484,282064
6122,44.86521530151367,8.481895446777344,382846,289806
6123,45.10710906982422,8.36897087097168,368313,278767
6124,44.82471084594727,8.886407852172852,421155,317929
6125,44.5269889831543,8.406403541564941,411844,311994
6126,44.67232513427734,8.759096145629883,424562,320079
6127,44.7506103515625,8.746338844299316,412711,311566
6128,44.98683547973633,8.67308521270752,399422,302112
6129,44.9439582824707,8.673895835876465,400014,302543
6130,44.95272827148438,8.740676879882813,406924,307631
6131,45.06966400146484,8.583752632141113,385175,291565
6132,44.95634841918945,8.940133094787598,422455,319239
6133,45.13491439819336,8.328648567199707,367109,278171
6134,44.62615966796875,8.362669944763184,390572,296725
6135,45.0749397277832,8.275485038757324,367993,279133
6136,44.55334854125977,8.493529319763184,410563,311051
6137,44.86842346191406,9.039126396179199,429417,324096
6138,44.81133270263672,8.789304733276367,411127,310535
6139,44.64407730102539,8.539966583251953,404112,306515
6140,44.75455856323242,8.63884162902832,405308,306168
6141,44.95403671264648,8.486441612243652,385656,292008
6142,44.90509414672852,8.38801383972168,373826,283349
6143,44.73358535766602,8.473029136657715,390973,296524
6144,44.70975494384766,8.560989379882813,399759,303413
6145,44.97373580932617,8.701853752136231,404725,305910
6146,44.68048858642578,9.018233299255371,440294,331543
6147,44.68534851074219,8.643950462341309,409753,310987
6148,44.68777465820313,9.060689926147461,445421,334997
6149,45.07293701171875,8.415933609008789,375506,284517
6150,45.07492828369141,8.355087280273438,370979,280819
6151,44.96538925170898,8.800768852233887,410499,310340
6152,44.69512939453125,8.746145248413086,416801,314348
6153,45.11009216308594,8.412764549255371,372865,282260
6154,45.00850677490234,8.558064460754395,389259,294222
6155,44.78701782226563,9.070553779602051,437539,329630
6156,44.78432464599609,8.904085159301758,425218,320683
6157,44.76608276367188,8.920242309570313,426785,321808
6158,44.86442565917969,8.926692008972168,419973,317311
6159,45.0997314453125,8.289505958557129,362907,274822
6160,44.72383117675781,8.849593162536621,419804,316705
6161,44.75933837890625,8.586568832397461,401518,303478
6162,44.67575454711914,8.678305625915527,415100,313420
6163,44.91256332397461,8.501523017883301,382243,289473
6164,45.12981033325195,8.290874481201172,364168,275822
6165,44.53260040283203,8.34055233001709,404062,306833
6166,44.83634185791016,8.873435974121094,419684,316907
6167,44.73704528808594,8.899395942687988,424730,320378
6168,44.69559860229492,8.518948554992676,395863,300415
6169,44.60282135009766,8.699365615844727,420086,318448
6170,44.7262077331543,8.768326759338379,416344,314242
6171,45.07405471801758,8.45855712890625,378792,286621
6172,44.67714691162109,8.41550350189209,388793,295182
6173,45.10187911987305,8.558234214782715,382257,289347
6174,44.88721466064453,8.84174919128418,411986,311320
6175,45.09692764282227,8.354722023010254,369309,279700
6176,44.65950393676758,8.586477279663086,405842,307643
6177,45.0189208984375,8.629636764526367,393506,297610
6178,45.1046257019043,8.597471237182617,385341,291576
6179,45.00770950317383,8.400328636169434,376934,286328
6180,44.70938110351563,8.908329010009766,425487,320884
6181,44.90769577026367,8.924588203430176,418336,316164
6182,45.05846405029297,8.168664932250977,356270,269822
6183,44.81047821044922,8.858118057250977,418537,315965
6184,45.13386535644531,8.162657737731934,354931,269127
6185,45.18362045288086,8.472338676452637,373450,282761
6186,44.84697723388672,8.897758483886719,420746,317677
6187,44.65392303466797,8.508299827575684,398248,302250
6188,44.8875732421875,8.999740600585938,425210,321021
6189,44.89468383789063,8.959028244018555,421757,318569
6190,44.60264205932617,8.845458984375,432520,325771
96001,45.70543670654297,8.217761039733887,402180,303164
96002,45.61324310302734,8.065428733825684,381826,288393
96003,45.50947570800781,8.138804435729981,370822,280874
96004,45.56402969360352,8.055949211120606,375377,283849
96005,45.6932258605957,8.047007560729981,393929,297998
96006,45.50672912597656,8.038125038146973,371751,281330
96007,45.54861450195313,8.282674789428711,381141,288217
96008,45.63275909423828,8.083989143371582,386162,291301
96009,45.64461898803711,8.092092514038086,389445,293886
96010,45.54349517822266,7.999855518341065,376975,285012
96011,45.67624282836914,7.997314929962158,391896,294933
96012,45.5382194519043,8.123993873596191,374234,283307
96013,45.74372863769531,8.154178619384766,406104,306271
96014,45.61433410644531,8.199522018432617,388535,293781
96015,45.51951599121094,8.243110656738281,377124,285369
96016,45.39994812011719,8.114033699035645,357848,271267
96017,45.56666564941406,8.166666984558106,379963,287718
96018,45.47517013549805,8.070999145507813,366387,277642
96019,45.71360397338867,8.156805038452148,406550,307407
96020,45.55293655395508,8.184333801269531,380772,288069
96021,45.68014144897461,8.248600959777832,397525,299907
96022,45.607666015625,8.18638801574707,386310,292173
96023,45.63642883300781,8.23701286315918,391708,295741
96024,45.54249954223633,7.908238410949707,367117,277586
96025,45.42617797851563,8.109873771667481,358890,271980
96026,45.53781509399414,8.081768035888672,372805,282069
96027,45.48333358764648,8.266667366027832,372532,282120
96028,45.56000900268555,7.96347188949585,375999,284928
96029,45.55438232421875,8.225132942199707,384302,290553
96030,45.46964645385742,8.003353118896484,362672,274881
96031,45.48612594604492,8.163166999816895,368560,279174
96032,45.56157302856445,8.244915962219238,382156,289000
96033,45.62912368774414,8.189129829406738,389632,294522
96034,45.61861038208008,8.043610572814941,382133,288553
96035,45.52189636230469,7.994769096374512,373650,283404
96037,45.50300598144531,8.203977584838867,374301,283313
96038,45.58237075805664,7.943327903747559,376029,284309
96039,45.54547500610352,7.940269470214844,371416,281369
96040,45.54439163208008,8.023270606994629,375844,284174
96041,45.56356811523438,8.009600639343262,377674,285412
96042,45.61069488525391,8.098516464233398,384442,290016
96043,45.58729553222656,8.140817642211914,380732,288088
96044,45.69681167602539,7.959158420562744,393910,296329
96046,45.5883674621582,7.993526935577393,380928,287604
96047,45.53048706054688,8.050494194030762,373086,282218
96048,45.70233154296875,8.124505043029785,401562,304348
96049,45.60976028442383,8.024384498596191,381660,288136
96050,45.673095703125,8.208771705627441,399839,302068
96051,45.58795166015625,8.163327217102051,382541,289586
96052,45.66006851196289,8.024165153503418,395856,297614
96053,45.58166885375977,8.098610877990723,378955,286575
96054,45.4300422668457,8.082273483276367,360014,272745
96055,45.67551422119141,7.962436199188232,391562,294743
96056,45.63581466674805,8.036050796508789,384377,290084
96057,45.51034545898438,7.958034515380859,369593,279052
96058,45.45161819458008,8.139078140258789,364205,276031
96059,45.51186752319336,8.07771110534668,368966,279321
96060,45.6461181640625,7.997689247131348,394273,297828
96061,45.61853790283203,8.088682174682617,384743,290549
96062,45.64114761352539,8.201159477233887,392744,297041
96063,45.60504913330078,7.942108631134033,378257,285853
96064,45.65326690673828,8.27932071685791,394172,297417
96065,45.62312316894531,8.171695709228516,388738,294124
96066,45.64226913452148,8.059326171875,384692,290378
96067,45.58906555175781,8.115874290466309,381848,288793
96068,45.59965896606445,8.044208526611328,379921,287044
96069,45.49849700927734,7.950314044952393,368201,277995
96070,45.68375015258789,8.135600090026856,400571,302385
96071,45.56737899780273,8.137545585632324,378246,286317
96072,45.68018341064453,8.081289291381836,394365,298339
96073,45.6349983215332,8.150446891784668,388988,294219
96074,45.71625137329102,8.044923782348633,404172,306695
96075,45.64609527587891,8.108486175537109,390694,294904
96076,45.49903869628906,8.116908073425293,367328,278214
96077,45.56280517578125,8.11058235168457,375515,284224
96078,45.62006378173828,8.28040885925293,389563,294261
96079,45.47191619873047,8.198797225952148,372147,281857
96080,45.42052841186523,8.044136047363281,358689,271882
96081,45.4489860534668,8.040143013000488,361883,273957
96082,45.48997116088867,8.008251190185547,370434,280002
96083,45.59418869018555,8.086147308349609,381627,288218
96084,45.66500091552734,8.116510391235352,396767,301375
103001,46.05712509155273,8.085461616516113,475807,357379
103002,45.97006607055664,8.340023040771484,445549,335877
103003,45.95515060424805,8.582276344299316,449255,338595
103004,45.81564712524414,8.344264984130859,424653,320139
103005,46.01638412475586,8.602537155151367,464943,350331
103008,45.91552352905273,8.493473052978516,436687,329801
103009,45.96919631958008,8.578818321228027,451702,340346
103010,45.84548950195313,8.579079627990723,426938,322337
103011,46.05652236938477,8.319925308227539,466011,350865
103012,46.12884140014648,8.176402091979981,477208,358390
103013,45.85473251342773,8.536919593811035,425872,321132
103015,45.96945190429688,8.542283058166504,447485,337334
103016,46.01435089111328,8.674951553344727,457931,345137
103017,46.06832885742188,8.671684265136719,468738,353085
103018,45.99229049682617,8.549341201782227,454690,342611
103019,45.92165756225586,8.405818939208984,432429,325748
103020,46.09221267700195,8.621909141540527,479404,361683
103022,45.83676910400391,8.351633071899414,423634,319081
103024,46.16248321533203,8.503426551818848,499825,377876
103025,46.154052734375,8.269277572631836,470332,353955
103027,46.10343551635742,8.556643486022949,484151,364852
103028,46.10752487182617,8.279195785522461,466915,351306
103029,46.13177490234375,8.412297248840332,497738,375946
103030,46.06335830688477,8.568852424621582,480789,362898
103032,45.89929962158203,8.385398864746094,434319,327383
103033,45.95817947387695,8.617312431335449,450238,339620
103034,45.86467742919922,8.498823165893555,430450,324145
103036,46.08047485351563,8.546653747558594,483363,364594
103037,46.00819778442383,8.562591552734375,456180,343952
103038,45.92247009277344,8.368098258972168,437917,330164
103040,45.79039764404297,8.344622611999512,419322,316552
103041,46.10271835327148,8.490861892700195,495507,373990
103042,46.14390563964844,8.353641510009766,471184,354569
103043,45.9296875,8.313888549804688,438000,329354
103044,45.96205520629883,8.454795837402344,438661,330993
103045,46.01607131958008,8.519224166870117,457462,344929
103046,46.20096206665039,8.381528854370117,477340,358819
103047,46.07959365844727,8.195260047912598,469900,353761
103048,45.85049057006836,8.378730773925781,425307,320361
103049,45.99474716186523,8.644562721252441,456019,343812
103050,45.87067031860352,8.417624473571777,426428,321505
103051,45.96271133422852,8.387617111206055,441265,332646
103052,46.04225158691406,8.249122619628906,455483,343157
103054,45.98346710205078,8.27418327331543,449970,339081
103055,45.98284530639648,8.599509239196777,455572,343101
103057,46.01672744750977,8.362612724304199,454549,343005
103058,45.8891716003418,8.362515449523926,437749,329544
103059,45.87606430053711,8.333311080932617,429160,324557
103060,46.14352798461914,8.572163581848145,499183,376918
103061,46.01438140869141,8.429617881774902,441815,333282
103062,46.08882141113281,8.432036399841309,497131,375099
103063,46.04894638061523,8.218192100524902,464003,349211
103064,45.88703155517578,8.525644302368164,432161,326490
103065,46.16172027587891,8.466780662536621,497233,375344
103066,46.03846740722656,8.642253875732422,466869,352090
103068,46.0894660949707,8.364375114440918,469639,353682
103069,45.92658233642578,8.282608032226563,440502,331040
103072,45.93511962890625,8.540181159973145,443606,334610
103073,46.04632568359375,8.176383972167969,467196,351434
103074,45.9619140625,8.556666374206543,448916,338493
103075,46.0712890625,8.25848388671875,458854,345581
103076,46.13526153564453,8.537868499755859,494438,373445
103077,46.02214050292969,8.298015594482422,451759,340398
